"","Slough","Season","Habitat","size_class","Amphipoda_mean","Amphipoda_sd","Araneae_mean","Araneae_sd","Argulus_mean","Argulus_sd","Belo.Naucor_mean","Belo.Naucor_sd","Centrarchid_mean","Centrarchid_sd","Chironomid_mean","Chironomid_sd","Cladocera_mean","Cladocera_sd","Coleoptera_mean","Coleoptera_sd","Collembola_mean","Collembola_sd","Copepoda_mean","Copepoda_sd","Cyprinodontid_mean","Cyprinodontid_sd","Detritus_mean","Detritus_sd","Diptera_mean","Diptera_sd","Empty_mean","Empty_sd","Ephemeroptera_mean","Ephemeroptera_sd","Green.Algae_mean","Green.Algae_sd","Hemiptera_mean","Hemiptera_sd","Hydrachnidia_mean","Hydrachnidia_sd","Hymenoptera_mean","Hymenoptera_sd","Misc_mean","Misc_sd","Misc.Fish_mean","Misc.Fish_sd","Misc.Invert_mean","Misc.Invert_sd","Mollusca_mean","Mollusca_sd","Odonata_mean","Odonata_sd","Oligochaeta_mean","Oligochaeta_sd","Ostracoda_mean","Ostracoda_sd","Palaemonetes_mean","Palaemonetes_sd","Periphyton_mean","Periphyton_sd","Procambarus_mean","Procambarus_sd","Trichoptera_mean","Trichoptera_sd","Vasc.Plant_mean","Vasc.Plant_sd","X_mean","X_sd","Species_mean","Species_sd","Year_mean","Year_sd","Site_mean","Site_sd"
"1","SRS","Dry","Marsh","A.nat1",0,0,0,0,0,0,0.5,0.707106781186548,0,0,0,0,0,0,0,0,0,0,0,0,0,0,0.125,0.176776695296637,0,0,0,0,0,0,0,0,0,0,0,0,0,0,0,0,0,0,0.125,0.176776695296637,0.125,0.176776695296637,0.125,0.176776695296637,0,0,0,0,0,0,0,0,0,0,0,0,0,0,17.5,7.77817459305202,NA,NA,2019,0,NA,NA
"2","SRS","Dry","Marsh","B.bel1",0,NA,0,NA,0,NA,0,NA,0,NA,0,NA,0,NA,0,NA,0,NA,0,NA,0,NA,0,NA,0,NA,0,NA,0,NA,0,NA,0,NA,0,NA,0,NA,0,NA,1,NA,0,NA,0,NA,0,NA,0,NA,0,NA,0,NA,0,NA,0,NA,0,NA,0,NA,47,NA,NA,NA,2019,NA,NA,NA
"3","SRS","Dry","Marsh","C.uro1",0,0,0,0,0,0,0.0625,0.125,0,0,0,0,0,0,0,0,0,0,0,0,0,0,0.0625,0.125,0,0,0,0,0,0,0,0,0,0,0,0,0,0,0,0,0.05,0.1,0.05,0.1,0.775,0.16583123951777,0,0,0,0,0,0,0,0,0,0,0,0,0,0,0,0,116,2.16024689946929,NA,NA,2019,0,NA,NA
"4","SRS","Dry","Marsh","E.ame1",0,NA,0,NA,0,NA,0,NA,1,NA,0,NA,0,NA,0,NA,0,NA,0,NA,0,NA,0,NA,0,NA,0,NA,0,NA,0,NA,0,NA,0,NA,0,NA,0,NA,0,NA,0,NA,0,NA,0,NA,0,NA,0,NA,0,NA,0,NA,0,NA,0,NA,0,NA,122,NA,NA,NA,2019,NA,NA,NA
"5","SRS","Dry","Marsh","E.eve1",0.2125,0.364250698597232,0,0,0,0,0,0,0,0,0.360416666666667,0.479246887694724,0.175,0.361544306709822,0,0,0.0104166666666667,0.0294627825494395,0,0,0,0,0,0,0,0,0,0,0,0,0.0354166666666667,0.0726141684543551,0,0,0,0,0,0,0,0,0,0,0.125,0.353553390593274,0.0104166666666667,0.0294627825494395,0,0,0,0,0.0708333333333333,0.14522833690871,0,0,0,0,0,0,0,0,0,0,176.5,3.16227766016838,NA,NA,2019,0,NA,NA
"6","SRS","Dry","Marsh","E.glo1",0.0857142857142857,0.191662969499982,0,0,0,0,0,0,0,0,0,0,0,0,0,0,0,0,0,0,0,0,0.0666666666666667,0.149071198499986,0,0,0,0,0,0,0,0,0.295238095238095,0.417040648491644,0,0,0,0,0,0,0,0,0.266666666666667,0.434613493680177,0.123809523809524,0.170367083999984,0.0285714285714286,0.063887656499994,0,0,0,0,0,0,0,0,0,0,0.133333333333333,0.298142396999972,0,0,199,1.58113883008419,NA,NA,2019,0,NA,NA
"7","SRS","Dry","Marsh","E.suc1",0.05,0.1,0,0,0,0,0,0,0,0,0,0,0.25,0.353553390593274,0,0,0,0,0,0,0,0,0.318181818181818,0.468350955032537,0,0,0,0,0,0,0,0,0,0,0.0333333333333333,0.0666666666666667,0,0,0,0,0,0,0,0,0,0,0,0,0,0,0.348484848484849,0.403155596837881,0,0,0,0,0,0,0,0,0,0,222.5,1.29099444873581,NA,NA,2019,0,NA,NA
"8","SRS","Dry","Marsh","F.chr1",0.0555555555555556,0.166666666666667,0,0,0,0,0,0,0,0,0.087962962962963,0.220916301674818,0,0,0,0,0,0,0,0,0,0,0,0,0,0,0,0,0,0,0,0,0.125,0.330718913883074,0.148148148148148,0.256098457147025,0,0,0,0,0.037037037037037,0.111111111111111,0.295454545454545,0.35217088785362,0,0,0.250841750841751,0.338044455165283,0,0,0,0,0,0,0,0,0,0,0,0,0,0,256.111111111111,2.93446947694317,NA,NA,2019,0,NA,NA
"9","SRS","Dry","Marsh","F.chr2",0,NA,0,NA,0,NA,0,NA,0,NA,0,NA,0,NA,0,NA,0,NA,0,NA,0,NA,0,NA,0,NA,0,NA,0,NA,0,NA,0,NA,0,NA,0,NA,0,NA,0,NA,0,NA,0,NA,1,NA,0,NA,0,NA,0,NA,0,NA,0,NA,0,NA,0,NA,273,NA,NA,NA,2019,NA,NA,NA
"10","SRS","Dry","Marsh","F.con1",0,0,0.3,0.424264068711929,0,0,0,0,0,0,0,0,0,0,0,0,0,0,0,0,0,0,0,0,0,0,0,0,0,0,0,0,0.2,0.282842712474619,0,0,0,0,0,0,0,0,0,0,0.5,0.707106781186548,0,0,0,0,0,0,0,0,0,0,0,0,0,0,0,0,315.5,0.707106781186548,NA,NA,2019,0,NA,NA
"11","SRS","Dry","Marsh","G.hol1",0,0,0,0,0,0,0,0,0,0,0.133352534562212,0.32609067455056,0.380952380952381,0.480781440626397,0,0,0,0,0.0184331797235023,0.0487696094205454,0,0,0,0,0.142857142857143,0.377964473009227,0,0,0,0,0,0,0.145833333333333,0.376732110833857,0.0357142857142857,0.0944911182523068,0,0,0,0,0,0,0,0,0,0,0,0,0.142857142857143,0.377964473009227,0,0,0,0,0,0,0,0,0,0,0,0,552.571428571429,13.3023449418657,NA,NA,2019,0,NA,NA
"12","SRS","Dry","Marsh","G.hol2",0,0,0,0,0,0,0,0,0,0,0.529661835748792,0.401450379902792,0.171428571428571,0.288871445487678,0.00869565217391304,0.0194440693695634,0,0,0.0546583850931677,0.0749728292025163,0,0,0.0666666666666667,0.149071198499986,0.133333333333333,0.298142396999972,0,0,0,0,0,0,0,0,0,0,0,0,0,0,0,0,0.0222222222222222,0.0496903994999953,0,0,0,0,0,0,0,0,0,0,0.0133333333333333,0.0298142396999972,0,0,0,0,0,0,562.8,2.38746727726266,NA,NA,2019,0,NA,NA
"13","SRS","Dry","Marsh","H.for1",0,NA,0,NA,0,NA,0,NA,0,NA,0,NA,0.9,NA,0,NA,0,NA,0,NA,0,NA,0,NA,0,NA,0,NA,0,NA,0,NA,0,NA,0.1,NA,0,NA,0,NA,0,NA,0,NA,0,NA,0,NA,0,NA,0,NA,0,NA,0,NA,0,NA,0,NA,0,NA,678,NA,NA,NA,2019,NA,NA,NA
"14","SRS","Dry","Marsh","H.for2",0,0,0,0,0,0,0,0,0,0,0,0,0.43,0.399374510954317,0,0,0,0,0,0,0,0,0.211666666666667,0.0753694603639667,0,0,0,0,0,0,0,0,0,0,0.04,0.0894427190999916,0,0,0,0,0,0,0,0,0,0,0,0,0,0,0.253333333333333,0.347690794944141,0,0,0.04,0.0894427190999916,0,0,0.025,0.0559016994374947,0,0,678.6,2.07364413533277,NA,NA,2019,0,NA,NA
"15","SRS","Dry","Marsh","H.let1",0,0,0,0,0,0,0,0,0,0,0.0144300144300144,0.0624118976371776,0,0,0.0101010101010101,0.0580258853185659,0,0,0.00757575757575758,0.0435194139889245,0,0,0.207900432900433,0.210145144192055,0.0202020202020202,0.116051770637132,0,0,0,0,0.068001443001443,0.121615081136637,0,0,0.0616883116883117,0.1868008162166,0,0,0,0,0.102020202020202,0.210561318915818,0.232323232323232,0.318523595899552,0.128391053391053,0.22652390079204,0.051046176046176,0.123081132610846,0,0,0,0,0.0505050505050505,0.126620389605991,0,0,0,0,0.0458152958152958,0.129664978958715,0,0,783.848484848485,23.9441031520827,NA,NA,2019,0,NA,NA
"16","SRS","Dry","Marsh","H.lit1",0,0,0,0,0,0,0,0,0,0,0.0196078431372549,0.0339617805405662,0.0196078431372549,0.0339617805405662,0,0,0,0,0,0,0,0,0.133695144724556,0.174682373098379,0,0,0,0,0,0,0,0,0,0,0,0,0,0,0,0,0,0,0,0,0,0,0.111111111111111,0.192450089729875,0,0,0.715978057889823,0.341804506658557,0,0,0,0,0,0,0,0,0,0,811.666666666667,2.08166599946613,NA,NA,2019,0,NA,NA
"17","SRS","Dry","Marsh","J.flo2",0,NA,0,NA,0,NA,0,NA,0,NA,0,NA,0,NA,0,NA,0,NA,0,NA,0,NA,0,NA,0,NA,0,NA,0,NA,0.333333333333333,NA,0,NA,0,NA,0,NA,0,NA,0,NA,0.333333333333333,NA,0,NA,0,NA,0,NA,0,NA,0,NA,0.333333333333333,NA,0,NA,0,NA,0,NA,827,NA,NA,NA,2019,NA,NA,NA
"18","SRS","Dry","Marsh","L.goo1",0.0241013071895425,0.0646845255901796,0,0,0,0,0,0,0,0,0.40724514682848,0.332457166554018,0.314646219793279,0.306998807669938,0,0,0,0,0.0551485551485551,0.105198901744558,0,0,0.072943514365083,0.0680284193211937,0.00264550264550265,0.0112239171616912,0,0,0,0,0,0,0.0119047619047619,0.0402158375780427,0.0357204750587104,0.0833083237137076,0,0,0,0,0,0,0.00264550264550265,0.0112239171616912,0.0109427609427609,0.0395122163658552,0,0,0,0,0,0,0,0,0.0620562534778221,0.0658440018331622,0,0,0,0,0,0,1134.38888888889,18.8777456558179,NA,NA,2019,0,NA,NA
"19","SRS","Dry","Marsh","L.goo2",0.023969696969697,0.0720317648360314,0,0,0,0,0,0,0,0,0.571735355645947,0.310065233789,0.126570900601006,0.129984295532869,0,0,0.00195121951219512,0.00975609756097561,0.0232913343965976,0.041668325525086,0,0,0.034545177045177,0.0612394013310891,0.00230894308943089,0.00809504646367098,0,0,0,0,0,0,0.0614464432119605,0.202558255688005,0.0501180035650624,0.113680756572912,0,0,0,0,0,0,0.0112727272727273,0.0407640526564854,0.0332753246753247,0.0813772587845291,0.00533333333333333,0.0266666666666667,0,0,0.00266666666666667,0.00922958206990897,0,0,0.0478785103785104,0.0850595113351806,0,0,0.00363636363636364,0.0181818181818182,0,0,1121.48,19.5088014325159,NA,NA,2019,0,NA,NA
"20","SRS","Dry","Marsh","L.mar1",0.0512820512820513,0.0888231183368655,0,0,0,0,0,0,0,0,0.183760683760684,0.192876651220457,0.25,0.433012701892219,0,0,0,0,0,0,0,0,0.164529914529915,0.0865582440193551,0,0,0,0,0,0,0,0,0.0256410256410256,0.0444115591684328,0,0,0,0,0,0,0,0,0.166666666666667,0.288675134594813,0,0,0.0555555555555556,0.0962250448649376,0,0,0.102564102564103,0.177646236673731,0,0,0,0,0,0,0,0,0,0,1296,1,NA,NA,2019,0,NA,NA
"21","SRS","Dry","Marsh","L.mic1",0,NA,0,NA,0,NA,0,NA,0,NA,0,NA,0,NA,0,NA,0,NA,0,NA,0,NA,0,NA,0,NA,0,NA,0,NA,0,NA,0,NA,0,NA,0,NA,0,NA,0,NA,0,NA,1,NA,0,NA,0,NA,0,NA,0,NA,0,NA,0,NA,0,NA,0,NA,1290,NA,NA,NA,2019,NA,NA,NA
"22","SRS","Dry","Marsh","L.pun2",0,0,0,0,0,0,0.19047619047619,0.243975018237133,0,0,0,0,0,0,0,0,0,0,0,0,0,0,0.0833333333333333,0.144337567297406,0,0,0,0,0,0,0,0,0.0642857142857143,0.110733485278414,0,0,0,0,0,0,0,0,0,0,0.254761904761905,0.355735321619345,0.0833333333333333,0.144337567297406,0,0,0,0,0.276190476190476,0.395209408023741,0,0,0,0,0.0476190476190476,0.125988157669742,0,0,1369,2.16024689946929,NA,NA,2019,0,NA,NA
"23","SRS","Dry","Marsh","L.pun3",0,NA,0,NA,0,NA,0,NA,0,NA,0,NA,0,NA,0,NA,0,NA,0,NA,0,NA,0,NA,0,NA,0,NA,0,NA,0,NA,0,NA,0,NA,0,NA,0,NA,0,NA,1,NA,0,NA,0,NA,0,NA,0,NA,0,NA,0,NA,0,NA,0,NA,0,NA,1373,NA,NA,NA,2019,NA,NA,NA
"24","SRS","Dry","Marsh","N.gyr1",0,NA,0,NA,0,NA,0,NA,0,NA,0,NA,0,NA,0,NA,0,NA,0,NA,0,NA,1,NA,0,NA,0,NA,0,NA,0,NA,0,NA,0,NA,0,NA,0,NA,0,NA,0,NA,0,NA,0,NA,0,NA,0,NA,0,NA,0,NA,0,NA,0,NA,0,NA,1577,NA,NA,NA,2019,NA,NA,NA
"25","SRS","Dry","Marsh","N.vir1",0,NA,0,NA,0,NA,0,NA,0,NA,0,NA,0,NA,0,NA,0,NA,0,NA,0,NA,0.333333333333333,NA,0,NA,0,NA,0,NA,0,NA,0.333333333333333,NA,0,NA,0,NA,0,NA,0,NA,0,NA,0.333333333333333,NA,0,NA,0,NA,0,NA,0,NA,0,NA,0,NA,0,NA,0,NA,1578,NA,NA,NA,2019,NA,NA,NA
"26","SRS","Dry","Marsh","O.aur1",0,NA,0,NA,0,NA,0,NA,0,NA,0,NA,0,NA,0,NA,0,NA,0,NA,0,NA,1,NA,0,NA,0,NA,0,NA,0,NA,0,NA,0,NA,0,NA,0,NA,0,NA,0,NA,0,NA,0,NA,0,NA,0,NA,0,NA,0,NA,0,NA,0,NA,0,NA,1601,NA,NA,NA,2019,NA,NA,NA
"27","SRS","Dry","Marsh","P.axa1",0,0,0,0,0,0,0,0,0,0,0.583333333333333,0.58925565098879,0,0,0,0,0,0,0,0,0,0,0,0,0,0,0,0,0,0,0,0,0,0,0,0,0,0,0.333333333333333,0.471404520791032,0,0,0,0,0,0,0,0,0,0,0.0833333333333333,0.117851130197758,0,0,0,0,0,0,0,0,0,0,1636,1.4142135623731,NA,NA,2019,0,NA,NA
"28","SRS","Dry","Marsh","P.lat2",0,0,0,0,0,0,0,0,0,0,0,0,0,0,0,0,0,0,0,0,0,0,0.5,0.707106781186548,0,0,0,0,0,0,0,0,0,0,0,0,0,0,0,0,0,0,0,0,0,0,0,0,0,0,0,0,0,0,0.5,0.707106781186548,0,0,0,0,0,0,1628.5,0.707106781186548,NA,NA,2019,0,NA,NA
"29","SRS","Dry","Marsh","R.gry1",0,0,0,0,0,0,0,0,0,0,0,0,0.130952380952381,0.320766513935892,0,0,0,0,0,0,0,0,0.147089947089947,0.115346342385028,0,0,0,0,0,0,0.313756613756614,0.348045207598513,0,0,0,0,0,0,0,0,0,0,0.261111111111111,0.298452800412518,0,0,0,0,0,0,0,0,0,0,0.147089947089947,0.115346342385028,0,0,0,0,0,0,1641.5,1.87082869338697,NA,NA,2019,0,NA,NA
"30","SRS","Dry","Marsh","S.lac1",0,0,0,0,0,0,0,0,0,0,0.222537878787879,0.358724070630704,0.317361111111111,0.376480488034068,0,0,0,0,0,0,0,0,0,0,0,0,0,0,0,0,0,0,0,0,0,0,0,0,0,0,0,0,0,0,0.0303030303030303,0.0524863881081478,0,0,0,0,0.42979797979798,0.277319640564001,0,0,0,0,0,0,0,0,0,0,1650,1,NA,NA,2019,0,NA,NA
"31","SRS","Dry","Marsh","T.mar1",0,0,0,0,0,0,0,0,0,0,0,0,0,0,0,0,0,0,0,0,0,0,1,0,0,0,0,0,0,0,0,0,0,0,0,0,0,0,0,0,0,0,0,0,0,0,0,0,0,0,0,0,0,0,0,0,0,0,0,0,0,0,1674.75,1.70782512765993,NA,NA,2019,0,NA,NA
"32","SRS","Dry","NP","F.chr1",0.0444444444444444,0.0993807989999906,0,0,0,0,0.211111111111111,0.216595429884644,0,0,0.0222222222222222,0.0496903994999953,0,0,0.0666666666666667,0.149071198499986,0,0,0.2,0.447213595499958,0,0,0,0,0.0222222222222222,0.0496903994999953,0,0,0,0,0,0,0,0,0,0,0,0,0,0,0,0,0.0333333333333333,0.074535599249993,0.0333333333333333,0.074535599249993,0.3,0.414996653266291,0,0,0,0,0.0666666666666667,0.149071198499986,0,0,0,0,0,0,0,0,268,1.58113883008419,NA,NA,2019,0,NA,NA
"33","SRS","Dry","NP","G.hol1",0.00444444444444444,0.0133333333333333,0.0236299648064354,0.052563615665842,0,0,0,0,0,0,0.283844750021221,0.230090237855989,0.567095303026676,0.188674587280283,0.0065359477124183,0.0196078431372549,0,0,0.0285126396237507,0.0633234337188581,0,0,0.0257341303092937,0.0321113452219939,0.00854700854700855,0.0256410256410256,0,0,0.0101010101010101,0.0303030303030303,0,0,0.028482905982906,0.0522893460159128,0.0065359477124183,0.0196078431372549,0,0,0,0,0,0,0,0,0,0,0,0,0,0,0,0,0,0,0.0065359477124183,0.0196078431372549,0,0,0,0,0,0,575.555555555556,3.64386851817924,NA,NA,2019,0,NA,NA
"34","SRS","Dry","NP","G.hol2",0.062943117488572,0.122727535267492,0,0,0,0,0.0170940170940171,0.0387924981808896,0,0,0.49462281628057,0.317728144280215,0.203935280405869,0.275092038753018,0.0363636363636364,0.120604537831105,0,0,0.00699300699300699,0.0231931803521357,0,0,0.0235654868007809,0.037014750549373,0.0240870240870241,0.0544355454115622,0,0,0.0101010101010101,0.0335012605086404,0,0,0.0606484424666243,0.0759738578913697,0.00699300699300699,0.0231931803521357,0,0,0,0,0,0,0.0346320346320346,0.100092721392196,0,0,0.00792011019283747,0.0176414773005462,0,0,0,0,0,0,0.0101010101010101,0.0335012605086404,0,0,0,0,0,0,584.545454545455,3.98405914523458,NA,NA,2019,0,NA,NA
"35","SRS","Dry","NP","H.for1",0,0,0,0,0,0,0,0,0,0,0.1,0.2,0.747619047619048,0.233381919139864,0,0,0,0,0,0,0,0,0.102380952380952,0.0736172611130491,0,0,0,0,0,0,0,0,0,0,0,0,0,0,0.05,0.1,0,0,0,0,0,0,0,0,0,0,0,0,0,0,0,0,0,0,0,0,0,0,690.75,3.09569593683445,NA,NA,2019,0,NA,NA
"36","SRS","Dry","NP","H.for2",0,0,0,0,0,0,0,0,0,0,0.483225371120108,0.330165534318131,0.490107962213225,0.313253234051254,0,0,0,0,0,0,0,0,0.0133333333333333,0.0298142396999972,0,0,0,0,0,0,0,0,0,0,0.0133333333333333,0.0298142396999972,0,0,0,0,0,0,0,0,0,0,0,0,0,0,0,0,0,0,0,0,0,0,0,0,0,0,694.4,2.07364413533277,NA,NA,2019,0,NA,NA
"37","SRS","Dry","NP","L.goo1",0.0650243189063065,0.0620404145286588,0,0,0,0,0,0,0,0,0.512100637356392,0.19582837405784,0.339293833475419,0.237636828956965,0,0,0,0,0,0,0,0,0.0250794762349384,0.0276346474771774,0.0102040816326531,0.0269974623578019,0,0,0,0,0,0,0,0,0.00634920634920635,0.0167984210226323,0,0,0,0,0,0,0.00846560846560847,0.015077044284418,0.00840336134453781,0.0222332042946604,0.0173319327731092,0.0296189307619741,0,0,0,0,0,0,0.00774754346182918,0.0141319656827575,0,0,0,0,0,0,1163.14285714286,2.41029537806548,NA,NA,2019,0,NA,NA
"38","SRS","Dry","NP","L.goo2",0.0730442176870748,0.0759752620515163,0,0,0,0,0,0,0,0,0.338038548752834,0.241260097592367,0.265008503401361,0.307934519511224,0.00680272108843537,0.0179983082385346,0.00680272108843537,0.0179983082385346,0,0,0,0,0.0600907029478458,0.0766543888611581,0,0,0,0,0,0,0,0,0,0,0,0,0,0,0,0,0,0,0,0,0.0204081632653061,0.0539949247156039,0.205994897959184,0.253223876679089,0,0,0,0,0,0,0.0238095238095238,0.0629940788348712,0,0,0,0,0,0,1169.85714285714,2.41029537806548,NA,NA,2019,0,NA,NA
"39","SRS","Dry","NP","P.lat1",0,NA,0,NA,0,NA,0,NA,0,NA,0,NA,0,NA,0,NA,0,NA,0,NA,0,NA,0,NA,0,NA,0,NA,0,NA,0,NA,0,NA,0,NA,0,NA,0,NA,0,NA,0,NA,0,NA,0,NA,0,NA,0,NA,0,NA,1,NA,0,NA,0,NA,0,NA,1607,NA,NA,NA,2019,NA,NA,NA
"40","SRS","Dry","NP","P.lat2",0,0,0,0,0,0,0,0,0,0,0,0,0,0,0,0,0,0,0,0,0,0,0.4,0.223606797749979,0,0,0,0,0,0,0,0,0,0,0,0,0,0,0,0,0,0,0,0,0,0,0,0,0,0,0,0,0,0,0.6,0.223606797749979,0,0,0,0,0,0,1610,1.58113883008419,NA,NA,2019,0,NA,NA
"41","SRS","Dry","Pond","A.nat1",0,0,0,0,0,0,0,0,0,0,0,0,0,0,0,0,0,0,0,0,0,0,0.5,0.5,0,0,0,0,0,0,0,0,0,0,0,0,0,0,0,0,0.5,0.5,0,0,0,0,0,0,0,0,0,0,0,0,0,0,0,0,0,0,0,0,18.3333333333333,9.45163125250522,NA,NA,2019,0,NA,NA
"42","SRS","Dry","Pond","A.nat2",0,0,0,0,0,0,0,0,0,0,0,0,0,0,0,0,0,0,0,0,0.25,0.5,0.75,0.5,0,0,0,0,0,0,0,0,0,0,0,0,0,0,0,0,0,0,0,0,0,0,0,0,0,0,0,0,0,0,0,0,0,0,0,0,0,0,16,2.16024689946929,NA,NA,2019,0,NA,NA
"43","SRS","Dry","Pond","A.nat3",0,0,0,0,0,0,0,0,0,0,0,0,0,0,0,0,0,0,0,0,0,0,0.333333333333333,0.408248290463863,0,0,0,0,0,0,0,0,0,0,0,0,0,0,0.5,0.447213595499958,0,0,0,0,0,0,0,0,0,0,0,0,0,0,0.166666666666667,0.408248290463863,0,0,0,0,0,0,24.5,5.24404424085076,NA,NA,2019,0,NA,NA
"44","SRS","Dry","Pond","A.nat4",0,0,0,0,0,0,0,0,0,0,0,0,0,0,0,0,0,0,0,0,0,0,0.666666666666667,0.388321581673812,0,0,0,0,0,0,0,0,0,0,0,0,0,0,0.125,0.231455024943138,0,0,0,0,0,0,0.0416666666666667,0.117851130197758,0,0,0,0,0.0416666666666667,0.117851130197758,0.125,0.231455024943138,0,0,0,0,0,0,28.125,7.16015761997298,NA,NA,2019,0,NA,NA
"45","SRS","Dry","Pond","B.bel1",0,0,0,0,0,0,0,0,0,0,0,0,0,0,0,0,0,0,0,0,0.5,0.707106781186548,0,0,0,0,0,0,0,0,0,0,0,0,0,0,0,0,0,0,0.5,0.707106781186548,0,0,0,0,0,0,0,0,0,0,0,0,0,0,0,0,0,0,0,0,44.5,0.707106781186548,NA,NA,2019,0,NA,NA
"46","SRS","Dry","Pond","C.bat1",0,NA,0,NA,0,NA,0,NA,0,NA,0,NA,0,NA,0.5,NA,0,NA,0,NA,0,NA,0,NA,0,NA,0,NA,0,NA,0,NA,0,NA,0,NA,0,NA,0,NA,0,NA,0,NA,0,NA,0.5,NA,0,NA,0,NA,0,NA,0,NA,0,NA,0,NA,0,NA,55,NA,NA,NA,2019,NA,NA,NA
"47","SRS","Dry","Pond","C.man1",0,NA,0,NA,0,NA,0,NA,0,NA,0,NA,0,NA,0,NA,0,NA,0,NA,0,NA,0,NA,0,NA,0,NA,0,NA,0,NA,0,NA,0,NA,0,NA,0,NA,1,NA,0,NA,0,NA,0,NA,0,NA,0,NA,0,NA,0,NA,0,NA,0,NA,0,NA,69,NA,NA,NA,2019,NA,NA,NA
"48","SRS","Dry","Pond","C.uro2",0,NA,0,NA,0,NA,0,NA,0,NA,0,NA,0,NA,0,NA,0,NA,0,NA,0,NA,0,NA,0,NA,0,NA,0,NA,0,NA,0,NA,0,NA,0,NA,0,NA,0,NA,0,NA,0,NA,1,NA,0,NA,0,NA,0,NA,0,NA,0,NA,0,NA,0,NA,120,NA,NA,NA,2019,NA,NA,NA
"49","SRS","Dry","Pond","E.eve1",0,NA,0,NA,0,NA,0,NA,0,NA,1,NA,0,NA,0,NA,0,NA,0,NA,0,NA,0,NA,0,NA,0,NA,0,NA,0,NA,0,NA,0,NA,0,NA,0,NA,0,NA,0,NA,0,NA,0,NA,0,NA,0,NA,0,NA,0,NA,0,NA,0,NA,0,NA,174,NA,NA,NA,2019,NA,NA,NA
"50","SRS","Dry","Pond","E.suc1",0,0,0,0,0,0,0,0,0,0,0,0,0.6875,0.265165042944955,0,0,0,0,0,0,0,0,0.104166666666667,0.0294627825494395,0,0,0,0,0,0,0,0,0,0,0.0833333333333333,0.117851130197758,0,0,0,0,0,0,0.125,0.176776695296637,0,0,0,0,0,0,0,0,0,0,0,0,0,0,0,0,0,0,216.5,0.707106781186548,NA,NA,2019,0,NA,NA
"51","SRS","Dry","Pond","E.suc2",0,0,0,0,0,0,0,0,0,0,0,0,0.285714285714286,0.494871659305393,0,0,0,0,0,0,0,0,0.714285714285714,0.494871659305394,0,0,0,0,0,0,0,0,0,0,0,0,0,0,0,0,0,0,0,0,0,0,0,0,0,0,0,0,0,0,0,0,0,0,0,0,0,0,219,1,NA,NA,2019,0,NA,NA
"52","SRS","Dry","Pond","F.chr1",0,0,0,0,0,0,0,0,0,0,0.0727272727272727,0.201007563051842,0.103030303030303,0.251861754608244,0.0454545454545455,0.150755672288882,0.0227272727272727,0.0753778361444409,0.0833333333333333,0.207498326633146,0,0,0,0,0.0681818181818182,0.161667447670716,0,0,0.0454545454545455,0.150755672288882,0,0,0,0,0.0227272727272727,0.0753778361444409,0,0,0,0,0.0303030303030303,0.100503781525921,0.187878787878788,0.402015126103685,0.0909090909090909,0.301511344577764,0.227272727272727,0.410099766132362,0,0,0,0,0,0,0,0,0,0,0,0,0,0,249.818181818182,7.8079213855953,NA,NA,2019,0,NA,NA
"53","SRS","Dry","Pond","F.chr2",0,NA,0,NA,0,NA,0,NA,0,NA,0.5,NA,0,NA,0,NA,0,NA,0,NA,0,NA,0,NA,0,NA,0,NA,0,NA,0,NA,0,NA,0,NA,0,NA,0.5,NA,0,NA,0,NA,0,NA,0,NA,0,NA,0,NA,0,NA,0,NA,0,NA,0,NA,0,NA,246,NA,NA,NA,2019,NA,NA,NA
"54","SRS","Dry","Pond","F.con1",0.2,NA,0,NA,0,NA,0,NA,0,NA,0.8,NA,0,NA,0,NA,0,NA,0,NA,0,NA,0,NA,0,NA,0,NA,0,NA,0,NA,0,NA,0,NA,0,NA,0,NA,0,NA,0,NA,0,NA,0,NA,0,NA,0,NA,0,NA,0,NA,0,NA,0,NA,0,NA,314,NA,NA,NA,2019,NA,NA,NA
"55","SRS","Dry","Pond","G.hol1",0,0,0,0,0,0,0,0,0,0,0.0125,0.05,0.182738095238095,0.294940326029465,0.0208333333333333,0.0833333333333333,0.117559523809524,0.321968241838903,0.0342261904761905,0.124773036580811,0,0,0.315178571428571,0.3316520809473,0.0458333333333333,0.125830573921179,0,0,0.00446428571428571,0.0178571428571429,0,0,0.0958333333333333,0.258736244937667,0.0770833333333333,0.15188628787499,0,0,0,0,0,0,0.03125,0.125,0,0,0,0,0,0,0,0,0,0,0.0625,0.25,0,0,0,0,0,0,542.8125,13.2776441183417,NA,NA,2019,0,NA,NA
"56","SRS","Dry","Pond","G.hol2",0.0185185185185185,0.0962250448649376,0,0,0,0,0.0226337448559671,0.0977661940244743,0,0,0,0,0,0,0.0277777777777778,0.10591481821704,0.0994014216236438,0.249021577370382,0,0,0,0,0.182098765432099,0.303150336668704,0.101384212495324,0.23337203689612,0,0,0,0,0,0,0.270407781518893,0.362828336346026,0,0,0.0246913580246914,0.100252924842809,0,0,0.0771604938271605,0.220389522498455,0.104938271604938,0.245246030959058,0.0185185185185185,0.0962250448649376,0,0,0.0185185185185185,0.0962250448649376,0,0,0,0,0.00925925925925926,0.0481125224324688,0,0,0.0432098765432099,0.12737145852078,0,0,538.814814814815,23.7049768176627,NA,NA,2019,0,NA,NA
"57","SRS","Dry","Pond","H.for1",0,0,0,0,0,0,0,0,0,0,0,0,0.266666666666667,0.252762514801718,0,0,0,0,0.2,0.273861278752583,0,0,0.233333333333333,0.223606797749979,0,0,0,0,0,0,0,0,0,0,0.0666666666666667,0.149071198499986,0,0,0,0,0,0,0,0,0,0,0,0,0,0,0.0666666666666667,0.149071198499986,0,0,0.166666666666667,0.235702260395516,0,0,0,0,0,0,696.6,15.9937487788198,NA,NA,2019,0,NA,NA
"58","SRS","Dry","Pond","H.for2",0,0,0,0,0,0,0,0,0,0,0,0,0,0,0,0,0,0,0,0,0,0,0.7,0.273861278752583,0,0,0,0,0,0,0,0,0,0,0,0,0,0,0.1,0.223606797749979,0,0,0,0,0,0,0,0,0,0,0,0,0,0,0.2,0.273861278752583,0,0,0,0,0,0,689.8,12.0291313069565,NA,NA,2019,0,NA,NA
"59","SRS","Dry","Pond","H.lit1",0,0,0,0,0,0,0,0,0,0,0,0,0,0,0,0,0,0,0,0,0,0,0.875,0.231455024943138,0,0,0,0,0,0,0,0,0,0,0,0,0,0,0,0,0,0,0,0,0,0,0,0,0,0,0.0625,0.176776695296637,0,0,0.0625,0.176776695296637,0,0,0,0,0,0,819.75,3.61544306709822,NA,NA,2019,0,NA,NA
"60","SRS","Dry","Pond","J.flo1",0,NA,0,NA,0,NA,0,NA,0,NA,0,NA,0.6,NA,0,NA,0,NA,0,NA,0,NA,0.2,NA,0,NA,0,NA,0,NA,0.2,NA,0,NA,0,NA,0,NA,0,NA,0,NA,0,NA,0,NA,0,NA,0,NA,0,NA,0,NA,0,NA,0,NA,0,NA,0,NA,835,NA,NA,NA,2019,NA,NA,NA
"61","SRS","Dry","Pond","J.flo2",0,0,0,0,0,0,0,0,0,0,0,0,0.222222222222222,0.384900179459751,0,0,0,0,0,0,0,0,0.222222222222222,0.254587538608658,0,0,0,0,0,0,0.333333333333333,0.166666666666667,0,0,0,0,0,0,0,0,0,0,0.111111111111111,0.192450089729875,0,0,0,0,0,0,0,0,0,0,0.111111111111111,0.192450089729875,0,0,0,0,0,0,833,6.08276253029822,NA,NA,2019,0,NA,NA
"62","SRS","Dry","Pond","L.goo1",0.053030303030303,0.17355879442614,0,0,0,0,0.00413223140495868,0.0193818833050555,0,0,0.180429292929293,0.286144469818699,0.243685102776012,0.308449369680972,0,0,0,0,0.0106060606060606,0.034711758885228,0,0,0.249834887334887,0.254315465732328,0,0,0,0,0,0,0,0,0.00505050505050505,0.0236889684839567,0.0424242424242424,0.125644083770131,0,0,0,0,0,0,0.00804195804195804,0.0262717953073018,0,0,0,0,0,0,0.107310870947235,0.263933178727126,0,0,0.0954545454545455,0.182369894058143,0,0,0,0,0,0,1114.18181818182,29.9167676564997,NA,NA,2019,0,NA,NA
"63","SRS","Dry","Pond","L.goo2",0,0,0,0,0,0,0,0,0,0,0.256958017827583,0.314722250157175,0.234650253128514,0.284884342177763,0.0217391304347826,0.104257207028537,0,0,0.0289179419614202,0.0755564319397563,0,0,0.139649601606123,0.23704916134711,0,0,0,0,0,0,0.0108695652173913,0.0521286035142687,0.00966183574879227,0.0320115628355589,0,0,0,0,0,0,0,0,0.0505852842809365,0.114359056519505,0,0,0.00289855072463768,0.0139009609371383,0,0,0.230134479047523,0.336485983669691,0,0,0.0072463768115942,0.0347524023428458,0,0,0.00668896321070234,0.0320791406241654,0,0,1082.5652173913,44.6927145648803,NA,NA,2019,0,NA,NA
"64","SRS","Dry","Pond","L.gul1",0,NA,0,NA,0,NA,0,NA,0,NA,0,NA,0,NA,0,NA,0,NA,0,NA,0,NA,0,NA,0,NA,0,NA,0,NA,0,NA,0,NA,0,NA,0,NA,0,NA,1,NA,0,NA,0,NA,0,NA,0,NA,0,NA,0,NA,0,NA,0,NA,0,NA,0,NA,1184,NA,NA,NA,2019,NA,NA,NA
"65","SRS","Dry","Pond","L.gul2",0,0,0,0,0,0,0,0,0,0,0.111111111111111,0.333333333333333,0.0493827160493827,0.148148148148148,0,0,0,0,0,0,0,0,0.604938271604938,0.407722941783407,0.037037037037037,0.111111111111111,0,0,0,0,0,0,0,0,0,0,0,0,0,0,0.0555555555555556,0.166666666666667,0.0555555555555556,0.166666666666667,0,0,0,0,0,0,0.037037037037037,0.111111111111111,0,0,0.0493827160493827,0.112643750561078,0,0,0,0,0,0,1216.88888888889,26.6056593812503,NA,NA,2019,0,NA,NA
"66","SRS","Dry","Pond","L.gul3",0,0,0,0,0,0,0,0,0,0,0,0,0,0,0,0,0,0,0,0,0,0,0.0925925925925926,0.188398055086813,0,0,0,0,0,0,0,0,0,0,0,0,0,0,0.314814814814815,0.428534683903931,0.37037037037037,0.331010424661472,0,0,0,0,0,0,0,0,0,0,0,0,0.111111111111111,0.220479275922049,0.111111111111111,0.333333333333333,0,0,0,0,1191.44444444444,20.1749294367484,NA,NA,2019,0,NA,NA
"67","SRS","Dry","Pond","L.gul4",0,0,0,0,0,0,0,0,0,0,0,0,0,0,0,0,0,0,0,0,0,0,0.208333333333333,0.25,0,0,0,0,0,0,0,0,0,0,0,0,0,0,0,0,0.5,0.577350269189626,0,0,0,0,0.208333333333333,0.25,0,0,0,0,0,0,0.0833333333333333,0.166666666666667,0,0,0,0,0,0,1209,32.3213036040731,NA,NA,2019,0,NA,NA
"68","SRS","Dry","Pond","L.mac1",0,0,0,0,0,0,0,0,0,0,0,0,0.125,0.176776695296637,0,0,0,0,0,0,0,0,0.25,0.353553390593274,0,0,0,0,0,0,0,0,0,0,0,0,0,0,0.125,0.176776695296637,0.125,0.176776695296637,0.375,0.176776695296637,0,0,0,0,0,0,0,0,0,0,0,0,0,0,0,0,0,0,1264.5,3.53553390593274,NA,NA,2019,0,NA,NA
"69","SRS","Dry","Pond","L.mar1",0,0,0,0,0,0,0.0357142857142857,0.0944911182523068,0,0,0.168650793650794,0.288722861326493,0.0357142857142857,0.0944911182523068,0,0,0,0,0.0496031746031746,0.0892416116827342,0,0,0.0337301587301587,0.0577445722652986,0,0,0,0,0,0,0,0,0,0,0,0,0,0,0,0,0.428571428571429,0.449867705421219,0.0714285714285714,0.188982236504614,0.0357142857142857,0.0944911182523068,0.107142857142857,0.196698948117361,0,0,0,0,0,0,0.0158730158730159,0.0419960525565808,0,0,0.0178571428571429,0.0472455591261534,0,0,1297,4.32049379893857,NA,NA,2019,0,NA,NA
"70","SRS","Dry","Pond","L.pla1",0,0,0,0,0,0,0,0,0,0,0,0,0,0,0,0,0,0,0,0,0.0909090909090909,0.301511344577764,0,0,0,0,0,0,0,0,0,0,0,0,0,0,0,0,0.303030303030303,0.458367767301552,0.484848484848485,0.502518907629606,0,0,0,0,0.0303030303030303,0.100503781525921,0,0,0,0,0.0909090909090909,0.301511344577764,0,0,0,0,0,0,0,0,1319.18181818182,10.8703098559165,NA,NA,2019,0,NA,NA
"71","SRS","Dry","Pond","L.pun2",0,0,0,0,0,0,0,0,0,0,0.153846153846154,0.307692307692308,0,0,0,0,0,0,0,0,0,0,0.144230769230769,0.239935477848883,0,0,0,0,0,0,0.0192307692307692,0.0384615384615385,0.5,0.577350269189626,0,0,0,0,0,0,0,0,0.125,0.25,0,0,0,0,0,0,0.0192307692307692,0.0384615384615385,0,0,0.0192307692307692,0.0384615384615385,0,0,0.0192307692307692,0.0384615384615385,0,0,1361.5,2.64575131106459,NA,NA,2019,0,NA,NA
"72","SRS","Dry","Pond","L.pun3",0,0,0,0,0,0,0.5,0.707106781186548,0,0,0,0,0,0,0,0,0,0,0,0,0,0,0,0,0,0,0,0,0,0,0,0,0,0,0,0,0,0,0,0,0,0,0,0,0.5,0.707106781186548,0,0,0,0,0,0,0,0,0,0,0,0,0,0,0,0,1368,9.89949493661167,NA,NA,2019,0,NA,NA
"73","SRS","Dry","Pond","M.sal1",0,NA,0,NA,0,NA,0,NA,0,NA,0,NA,0,NA,0,NA,0,NA,0,NA,0,NA,0,NA,0,NA,0,NA,0,NA,0,NA,0,NA,0,NA,0,NA,1,NA,0,NA,0,NA,0,NA,0,NA,0,NA,0,NA,0,NA,0,NA,0,NA,0,NA,0,NA,1457,NA,NA,NA,2019,NA,NA,NA
"74","SRS","Dry","Pond","N.flo1",0,NA,0,NA,0,NA,0,NA,0,NA,0,NA,0,NA,0,NA,0,NA,0,NA,0,NA,0,NA,0,NA,0,NA,0,NA,0,NA,0,NA,0,NA,0,NA,1,NA,0,NA,0,NA,0,NA,0,NA,0,NA,0,NA,0,NA,0,NA,0,NA,0,NA,0,NA,1538,NA,NA,NA,2019,NA,NA,NA
"75","SRS","Dry","Pond","P.lat2",0,0,0,0,0,0,0,0,0,0,0,0,0,0,0,0,0,0,0,0,0,0,0.25,0.273861278752583,0,0,0,0,0,0,0.0833333333333333,0.204124145231932,0,0,0,0,0,0,0,0,0,0,0,0,0,0,0,0,0,0,0,0,0,0,0.666666666666667,0.258198889747161,0,0,0,0,0,0,1629.16666666667,7.08284312029193,NA,NA,2019,0,NA,NA
"76","SRS","Dry","Pond","R.gry2",0,NA,0,NA,0,NA,0,NA,0,NA,0,NA,0,NA,0,NA,0,NA,0,NA,0,NA,0,NA,0,NA,0,NA,0,NA,0,NA,0,NA,0,NA,0,NA,1,NA,0,NA,0,NA,0,NA,0,NA,0,NA,0,NA,0,NA,0,NA,0,NA,0,NA,0,NA,1638,NA,NA,NA,2019,NA,NA,NA
"77","SRS","Dry","Pond","S.lac1",0.0555555555555556,0.0785674201318386,0,0,0,0,0,0,0,0,0,0,0,0,0,0,0,0,0,0,0,0,0,0,0,0,0,0,0,0,0,0,0,0,0,0,0,0,0.5,0.707106781186548,0,0,0,0,0.0555555555555556,0.0785674201318386,0,0,0,0,0.388888888888889,0.54997194092287,0,0,0,0,0,0,0,0,0,0,1654,1.4142135623731,NA,NA,2019,0,NA,NA
"78","SRS","Wet","Marsh","A.cal2",0,NA,0,NA,0,NA,0,NA,0,NA,0,NA,0,NA,0,NA,0,NA,0,NA,0,NA,0,NA,0,NA,0,NA,0,NA,0,NA,0,NA,0,NA,0,NA,0,NA,0.5,NA,0,NA,0,NA,0,NA,0,NA,0,NA,0,NA,0,NA,0.5,NA,0,NA,0,NA,4,NA,NA,NA,2018,NA,NA,NA
"79","SRS","Wet","Marsh","A.nat2",0,NA,0,NA,0,NA,0.037037037037037,NA,0,NA,0,NA,0,NA,0,NA,0,NA,0,NA,0,NA,0,NA,0,NA,0,NA,0,NA,0,NA,0,NA,0,NA,0,NA,0,NA,0.037037037037037,NA,0,NA,0.777777777777778,NA,0.111111111111111,NA,0,NA,0,NA,0.037037037037037,NA,0,NA,0,NA,0,NA,0,NA,7,NA,NA,NA,2018,NA,NA,NA
"80","SRS","Wet","Marsh","A.nat4",0,NA,0,NA,0,NA,0,NA,0,NA,0,NA,0,NA,0,NA,0,NA,0,NA,0,NA,1,NA,0,NA,0,NA,0,NA,0,NA,0,NA,0,NA,0,NA,0,NA,0,NA,0,NA,0,NA,0,NA,0,NA,0,NA,0,NA,0,NA,0,NA,0,NA,0,NA,25,NA,NA,NA,2018,NA,NA,NA
"81","SRS","Wet","Marsh","C.bat1",0,0,0,0,0,0,0.03125,0.0883883476483184,0,0,0.125,0.353553390593274,0,0,0,0,0,0,0,0,0,0,0.015625,0.0441941738241592,0.015625,0.0441941738241592,0,0,0,0,0,0,0,0,0,0,0,0,0.1875,0.372011904571422,0.177083333333333,0.339781383964585,0,0,0.03125,0.0883883476483184,0.322916666666667,0.403819806978232,0,0,0,0,0.078125,0.17598574414667,0,0,0.015625,0.0441941738241592,0,0,0,0,60.125,3.48209706929603,NA,NA,2018,0,NA,0
"82","SRS","Wet","Marsh","C.oce1",0,NA,0,NA,0,NA,0,NA,0,NA,0,NA,0,NA,0,NA,0,NA,0,NA,0,NA,1,NA,0,NA,0,NA,0,NA,0,NA,0,NA,0,NA,0,NA,0,NA,0,NA,0,NA,0,NA,0,NA,0,NA,0,NA,0,NA,0,NA,0,NA,0,NA,0,NA,72,NA,NA,NA,2018,NA,NA,NA
"83","SRS","Wet","Marsh","C.und1",0,0,0,0,0,0,0,0,0,0,0,0,0,0,0,0,0,0,0,0,0,0,0.333333333333333,0.577350269189626,0,0,0,0,0,0,0,0,0,0,0,0,0,0,0,0,0,0,0,0,0,0,0,0,0,0,0,0,0.333333333333333,0.577350269189626,0.333333333333333,0.577350269189626,0,0,0,0,0,0,1646,1,NA,NA,2018,0,NA,0
"84","SRS","Wet","Marsh","C.uro1",0,0,0,0,0,0,0,0,0,0,0,0,0,0,0,0,0,0,0,0,0,0,0.0329365079365079,0.058010816509437,0,0,0,0,0,0,0,0,0.00701754385964912,0.0271788304997012,0,0,0,0,0.00289855072463768,0.0112260386846592,0.0190890269151139,0.0437792010344924,0.0423809523809524,0.0953154447799801,0.875968423474144,0.156296766809869,0.0085978835978836,0.0287299029483776,0,0,0,0,0.0111111111111111,0.0430331482911935,0,0,0,0,0,0,0,0,93.6666666666667,10.9653132758757,NA,NA,2018,0,NA,NA
"85","SRS","Wet","Marsh","C.uro2",0,0,0,0,0,0,0,0,0,0,0,0,0,0,0,0,0,0,0,0,0,0,0.0833333333333333,0.166666666666667,0,0,0,0,0,0,0.125,0.25,0,0,0,0,0,0,0,0,0.208333333333333,0.25,0.25,0.5,0.333333333333333,0.471404520791032,0,0,0,0,0,0,0,0,0,0,0,0,0,0,0,0,84.25,2.75378527364305,NA,NA,2018,0,NA,NA
"86","SRS","Wet","Marsh","C.var1",0,NA,0,NA,0,NA,0,NA,0,NA,0,NA,0,NA,0,NA,0,NA,0,NA,0,NA,0.5,NA,0,NA,0,NA,0,NA,0,NA,0,NA,0,NA,0,NA,0,NA,0,NA,0,NA,0,NA,0,NA,0,NA,0,NA,0,NA,0.5,NA,0,NA,0,NA,0,NA,121,NA,NA,NA,2018,NA,NA,NA
"87","SRS","Wet","Marsh","E.eve1",0.25,0.353553390593274,0,0,0,0,0,0,0,0,0,0,0,0,0,0,0,0,0.25,0.353553390593274,0,0,0,0,0,0,0,0,0,0,0.25,0.353553390593274,0,0,0,0,0,0,0,0,0,0,0,0,0.25,0.353553390593274,0,0,0,0,0,0,0,0,0,0,0,0,0,0,0,0,141,1.4142135623731,NA,NA,2018,0,NA,NA
"88","SRS","Wet","Marsh","E.glo1",0,NA,0,NA,0,NA,0,NA,0,NA,0,NA,0,NA,0,NA,0,NA,0,NA,0,NA,0,NA,0,NA,0,NA,0,NA,0,NA,0,NA,0,NA,0,NA,0,NA,0,NA,0,NA,0.818181818181818,NA,0.0909090909090909,NA,0,NA,0,NA,0.0909090909090909,NA,0,NA,0,NA,0,NA,0,NA,194,NA,NA,NA,2018,NA,NA,NA
"89","SRS","Wet","Marsh","E.suc1",0.114285714285714,0.103015750727543,0,0,0,0,0,0,0,0,0.44077380952381,0.353283086491103,0.0833333333333333,0.144337567297406,0,0,0,0,0.0952380952380952,0.164957219768465,0,0,0,0,0,0,0,0,0,0,0,0,0,0,0.0208333333333333,0.0360843918243516,0,0,0,0,0,0,0.0729166666666667,0.126295371385231,0,0,0,0,0,0,0.172619047619048,0.189263251137912,0,0,0,0,0,0,0,0,0,0,203,1,NA,NA,2018,0,NA,NA
"90","SRS","Wet","Marsh","F.chr1",0,0,0.00714285714285714,0.0267261241912424,0,0,0,0,0,0,0.0714285714285714,0.267261241912424,0.0857142857142857,0.187522892375398,0.0357142857142857,0.133630620956212,0.0714285714285714,0.267261241912424,0,0,0.0142857142857143,0.0534522483824849,0,0,0.0535714285714286,0.14473355588046,0,0,0,0,0,0,0.0464285714285714,0.12163040756306,0.242176870748299,0.349142914809966,0,0,0,0,0,0,0.134013605442177,0.282854165219445,0.0642857142857143,0.164584057818223,0.128571428571429,0.278536205155483,0,0,0.0452380952380952,0.115178896791809,0,0,0,0,0,0,0,0,0,0,268.5,37.5801707123482,NA,NA,2018,0,NA,NA
"91","SRS","Wet","Marsh","G.hol1",0,0,0.0218253968253968,0.0661255046580353,0,0,0,0,0,0,0,0,0,0,0.0243055555555556,0.0648063039074425,0,0,0,0,0,0,0.037037037037037,0.122014083023493,0.520734126984127,0.450959003338896,0,0,0,0,0.0277777777777778,0.0857492925712544,0.111111111111111,0.323380833381777,0.0509259259259259,0.164542564791537,0,0,0,0,0,0,0.206283068783069,0.314351439724695,0,0,0,0,0,0,0,0,0,0,0,0,0,0,0,0,0,0,425.666666666667,58.5882943538564,NA,NA,2018,0,NA,NA
"92","SRS","Wet","Marsh","G.hol2",0,0,0.108974358974359,0.209938416044211,0,0,0,0,0,0,0,0,0.0222222222222222,0.0942809041582063,0.015491452991453,0.0368937962603248,0.0436507936507936,0.12283879306215,0,0,0,0,0.0458333333333333,0.125513650534865,0.383725071225071,0.293119265588149,0,0,0.0111111111111111,0.0471404520791032,0.0319444444444444,0.0766032346285427,0.030982905982906,0.0812106375597431,0.123148148148148,0.178222473966316,0.025,0.0732642276887127,0,0,0,0,0.116605616605617,0.199870280814937,0.0413105413105413,0.121987666377633,0,0,0,0,0,0,0,0,0,0,0,0,0,0,0,0,375.388888888889,59.7072651889188,NA,NA,2018,0,NA,NA
"93","SRS","Wet","Marsh","H.for1",0,0,0,0,0,0,0,0,0,0,0.229166666666667,0.366639609391297,0.166666666666667,0.356348322549899,0,0,0,0,0.0416666666666667,0.117851130197758,0,0,0.15625,0.35197148829334,0,0,0,0,0,0,0,0,0,0,0.125,0.231455024943138,0,0,0,0,0,0,0.125,0.353553390593274,0,0,0,0,0,0,0.125,0.353553390593274,0,0,0.03125,0.0883883476483184,0,0,0,0,0,0,656.625,10.6225837588736,NA,NA,2018,0,NA,NA
"94","SRS","Wet","Marsh","H.for2",0,0,0,0,0,0,0,0,0,0,0.414285714285714,0.423782770691181,0.152380952380952,0.211355628773068,0,0,0,0,0,0,0,0,0.166666666666667,0.235702260395516,0,0,0,0,0,0,0,0,0,0,0.166666666666667,0.235702260395516,0,0,0,0,0,0,0,0,0,0,0,0,0,0,0,0,0,0,0.1,0.223606797749979,0,0,0,0,0,0,653.2,10.0349389634417,NA,NA,2018,0,NA,NA
"95","SRS","Wet","Marsh","H.let1",0.015625,0.0765465544619743,0,0,0,0,0,0,0,0,0,0,0,0,0.0111607142857143,0.0379035883493954,0,0,0.0194444444444444,0.0821902274869946,0.00595238095238095,0.0291605921759902,0.13989898989899,0.233663193882912,0.00378787878787879,0.0185567404756301,0,0,0,0,0.0104166666666667,0.0510310363079829,0.0365079365079365,0.106226044481608,0.105082070707071,0.208839005326255,0,0,0,0,0.0423611111111111,0.0938931408578978,0.061228354978355,0.140567801575879,0.460601551226551,0.317367767280093,0.0476370851370851,0.0786836157713745,0,0,0,0,0.0343434343434343,0.104479716845983,0,0,0,0,0.00595238095238095,0.0291605921759902,0,0,753.875,9.98395451843041,NA,NA,2018,0,NA,NA
"96","SRS","Wet","Marsh","J.flo1",0,0,0,0,0,0,0,0,0,0,0,0,0,0,0,0,0,0,0,0,0,0,0,0,0,0,0,0,0,0,0.333333333333333,0.288675134594813,0,0,0,0,0,0,0,0,0,0,0,0,0,0,0,0,0,0,0,0,0,0,0.666666666666667,0.288675134594813,0,0,0,0,0,0,831,2.64575131106459,NA,NA,2018,0,NA,NA
"97","SRS","Wet","Marsh","J.flo2",0,NA,0,NA,0,NA,0,NA,0,NA,0,NA,0,NA,0,NA,0,NA,0,NA,0,NA,0,NA,0,NA,0,NA,0,NA,0.5,NA,0,NA,0,NA,0,NA,0,NA,0,NA,0,NA,0,NA,0,NA,0,NA,0,NA,0,NA,0.5,NA,0,NA,0,NA,0,NA,828,NA,NA,NA,2018,NA,NA,NA
"98","SRS","Wet","Marsh","L.goo1",0,0,0,0,0,0,0,0,0,0,0.163616071428571,0.223223637370242,0.357738095238095,0.332638163998282,0,0,0,0,0.0286458333333333,0.0946713980625147,0,0,0.0922619047619048,0.160044164350675,0,0,0,0,0,0,0,0,0,0,0.0568452380952381,0.114450526003572,0,0,0,0,0,0,0,0,0.117261904761905,0.267271847306842,0,0,0,0,0.0267857142857143,0.0777008041527653,0,0,0.156845238095238,0.187601068754238,0,0,0,0,0,0,1010,58.6083043035143,NA,NA,2018,0,NA,NA
"99","SRS","Wet","Marsh","L.goo2",0.0297619047619048,0.0884484553381272,0,0,0,0,0,0,0,0,0.15277586996337,0.163382240400182,0.284512362637363,0.227024333562291,0,0,0.00961538461538462,0.0384615384615385,0,0,0,0,0.0648809523809524,0.0853530748847998,0,0,0,0,0,0,0,0,0.0182291666666667,0.0503891109268659,0.118824404761905,0.142693172266807,0,0,0,0,0,0,0.015625,0.0625,0.240894001831502,0.194693773195943,0,0,0,0,0.0104166666666667,0.0416666666666667,0,0,0.0544642857142857,0.0822152889765438,0,0,0,0,0,0,998.4375,71.5299179830836,NA,NA,2018,0,NA,NA
"100","SRS","Wet","Marsh","L.mac1",0.159102074396192,0.263902145931528,0,0,0,0,0.0666996210248805,0.187680867692154,0,0,0,0,0,0,0.00962566844919786,0.0327117544247555,0,0,0,0,0,0,0.0488574768025232,0.079496420089165,0,0,0,0,0,0,0,0,0.0053475935828877,0.0220486931851212,0.218124857598542,0.371664489142612,0.0106951871657754,0.0440973863702424,0.00980392156862745,0.0404226041727222,0.0329754853146175,0.0610565566601336,0.0186421937195931,0.0363120370114039,0.0294117647058824,0.121267812518166,0.0913730833756785,0.204557508171682,0,0,0.27132986781381,0.408246351333645,0.0196078431372549,0.0808452083454443,0.00840336134453781,0.0346479464337619,0,0,0,0,0,0,1250,5.04975246918104,NA,NA,2018,0,NA,NA
"101","SRS","Wet","Marsh","L.mic1",0,0,0,0,0,0,0,0,0,0,0,0,0,0,0,0,0,0,0,0,0,0,0,0,0,0,0,0,0,0,0,0,0,0,0,0,0,0,0,0,0.0333333333333333,0.0577350269189626,0,0,0.911111111111111,0.101835015443463,0,0,0,0,0,0,0,0,0,0,0,0,0.0555555555555556,0.0509175077217316,0,0,1278,4.35889894354067,NA,NA,2018,0,NA,NA
"102","SRS","Wet","Marsh","L.mic2",0.0246913580246914,0.0427666866066389,0,0,0,0,0,0,0,0,0,0,0,0,0,0,0,0,0,0,0,0,0.0119047619047619,0.0206196524710581,0,0,0,0,0,0,0,0,0,0,0,0,0,0,0,0,0.0123456790123457,0.0213833433033195,0,0,0.939153439153439,0.0563063403539491,0,0,0,0,0,0,0,0,0.0119047619047619,0.0206196524710581,0,0,0,0,0,0,1275,2.64575131106459,NA,NA,2018,0,NA,0
"103","SRS","Wet","Marsh","L.pun2",0.133333333333333,0.23094010767585,0,0,0,0,0,0,0,0,0,0,0,0,0,0,0,0,0,0,0,0,0,0,0,0,0,0,0,0,0,0,0.166666666666667,0.288675134594813,0,0,0,0,0,0,0,0,0.0555555555555556,0.0962250448649376,0.0666666666666667,0.115470053837925,0.466666666666667,0.503322295684717,0,0,0,0,0,0,0,0,0,0,0.111111111111111,0.192450089729875,0,0,1358.66666666667,8.38649708360608,NA,NA,2018,0,NA,0
"104","SRS","Wet","Marsh","M.sia1",0,NA,0,NA,0,NA,0,NA,0,NA,0,NA,0,NA,0,NA,0,NA,0,NA,0,NA,0.5,NA,0,NA,0,NA,0,NA,0,NA,0,NA,0,NA,0,NA,0.5,NA,0,NA,0,NA,0,NA,0,NA,0,NA,0,NA,0,NA,0,NA,0,NA,0,NA,0,NA,1535,NA,NA,NA,2018,NA,NA,NA
"105","SRS","Wet","Marsh","O.aur1",0.1,0.224982852570184,0,0,0,0,0,0,0,0,0,0,0,0,0,0,0,0,0,0,0.0833333333333333,0.180020574955774,0.691666666666667,0.33344905398717,0,0,0,0,0,0,0,0,0,0,0,0,0,0,0,0,0.05,0.158113883008419,0,0,0,0,0,0,0,0,0.075,0.237170824512628,0,0,0,0,0,0,0,0,0,0,1590.2,5.11642236115997,NA,NA,2018,0,NA,0
"106","SRS","Wet","Marsh","P.axa1",0,NA,0,NA,0,NA,0,NA,0,NA,0,NA,0,NA,0,NA,0,NA,0.5,NA,0,NA,0,NA,0,NA,0,NA,0,NA,0,NA,0,NA,0,NA,0,NA,0,NA,0,NA,0,NA,0.5,NA,0,NA,0,NA,0,NA,0,NA,0,NA,0,NA,0,NA,0,NA,1636,NA,NA,NA,2018,NA,NA,NA
"107","SRS","Wet","Marsh","P.lat2",0,0,0,0,0,0,0,0,0,0,0,0,0,0,0,0,0,0,0,0,0,0,0,0,0,0,0,0,0,0,0.25,0.353553390593274,0,0,0,0,0,0,0,0,0,0,0,0,0,0,0,0,0,0,0,0,0,0,0.75,0.353553390593274,0,0,0,0,0,0,1604.5,0.707106781186548,NA,NA,2018,0,NA,NA
"108","SRS","Wet","Marsh","S.lac1",0,NA,0,NA,0,NA,0,NA,0,NA,0,NA,0,NA,0.333333333333333,NA,0,NA,0,NA,0,NA,0,NA,0,NA,0,NA,0,NA,0,NA,0,NA,0,NA,0,NA,0,NA,0.333333333333333,NA,0,NA,0,NA,0,NA,0,NA,0,NA,0,NA,0,NA,0.333333333333333,NA,0,NA,0,NA,1652,NA,NA,NA,2018,NA,NA,NA
"109","SRS","Wet","NP","E.eve1",0.324561403508772,0.424822708883489,0,0,0,0,0,0,0,0,0,0,0,0,0,0,0.0526315789473684,0.229415733870562,0.0526315789473684,0.229415733870562,0,0,0.0131578947368421,0.0573539334676404,0,0,0,0,0,0,0.18859649122807,0.372514505127269,0,0,0,0,0,0,0,0,0,0,0.0526315789473684,0.229415733870562,0.0175438596491228,0.0764719112901873,0.0526315789473684,0.229415733870562,0,0,0.192982456140351,0.35251809293702,0,0,0.0526315789473684,0.229415733870562,0,0,0,0,0,0,144,11.6045967903528,NA,NA,2018,0,NA,NA
"110","SRS","Wet","NP","F.chr1",0,NA,0,NA,0,NA,0,NA,0,NA,0.25,NA,0,NA,0,NA,0,NA,0,NA,0,NA,0,NA,0,NA,0,NA,0,NA,0,NA,0,NA,0,NA,0,NA,0,NA,0.25,NA,0.25,NA,0.25,NA,0,NA,0,NA,0,NA,0,NA,0,NA,0,NA,0,NA,0,NA,226,NA,NA,NA,2018,NA,NA,NA
"111","SRS","Wet","NP","G.hol1",0,0,0,0,0,0,0,0,0,0,0.118055555555556,0.136789691691613,0,0,0,0,0,0,0.03125,0.0625,0,0,0.03125,0.0625,0.625,0.478713553878169,0,0,0,0,0,0,0.138888888888889,0.277777777777778,0,0,0.0555555555555556,0.111111111111111,0,0,0,0,0,0,0,0,0,0,0,0,0,0,0,0,0,0,0,0,0,0,0,0,372.75,79.5041927615561,NA,NA,2018,0,NA,NA
"112","SRS","Wet","NP","G.hol2",0.0952380952380952,0.164957219768465,0.158730158730159,0.167232599251631,0,0,0,0,0,0,0,0,0,0,0,0,0,0,0,0,0,0,0.166666666666667,0.288675134594813,0.365079365079365,0.337838042123695,0,0,0,0,0,0,0,0,0.0476190476190476,0.0824786098842323,0,0,0,0,0,0,0.166666666666667,0.288675134594813,0,0,0,0,0,0,0,0,0,0,0,0,0,0,0,0,0,0,437.333333333333,92.0887253323301,NA,NA,2018,0,NA,NA
"113","SRS","Wet","NP","H.for1",0,0,0,0,0,0,0,0,0,0,0.15,0.234520787991171,0.0333333333333333,0.0816496580927726,0,0,0,0,0.0833333333333333,0.204124145231932,0,0,0.338888888888889,0.377369059949815,0,0,0,0,0,0,0.0555555555555556,0.136082763487954,0,0,0,0,0,0,0,0,0,0,0,0,0,0,0,0,0,0,0.166666666666667,0.408248290463863,0,0,0.172222222222222,0.211257259353684,0,0,0,0,0,0,659,5.54977477020464,NA,NA,2018,0,NA,NA
"114","SRS","Wet","NP","H.for2",0,0,0,0,0,0,0,0,0,0,0.0666666666666667,0.149071198499986,0,0,0,0,0,0,0,0,0,0,0.633333333333333,0.341565025531987,0,0,0,0,0,0,0,0,0,0,0,0,0,0,0,0,0,0,0,0,0,0,0,0,0,0,0.233333333333333,0.324893144826965,0,0,0.0666666666666667,0.149071198499986,0,0,0,0,0,0,661,1.58113883008419,NA,NA,2018,0,NA,NA
"115","SRS","Wet","NP","L.goo2",0.333333333333333,NA,0,NA,0,NA,0,NA,0,NA,0,NA,0,NA,0,NA,0,NA,0,NA,0,NA,0,NA,0,NA,0,NA,0,NA,0,NA,0,NA,0,NA,0,NA,0,NA,0,NA,0,NA,0.666666666666667,NA,0,NA,0,NA,0,NA,0,NA,0,NA,0,NA,0,NA,0,NA,1048,NA,NA,NA,2018,NA,NA,NA
"116","SRS","Wet","Pond","A.cal2",0,0,0,0,0,0,0.125,0.25,0.25,0.5,0,0,0,0,0,0,0,0,0,0,0,0,0.0625,0.125,0,0,0,0,0,0,0,0,0,0,0,0,0,0,0,0,0.40625,0.449247055267663,0,0,0,0,0,0,0,0,0,0,0.15625,0.3125,0,0,0,0,0,0,0,0,2.75,1.70782512765993,NA,NA,2018,0,NA,NA
"117","SRS","Wet","Pond","A.gry1",0,0,0,0,0,0,0,0,0,0,0,0,0,0,0,0,0,0,0,0,0,0,0.291666666666667,0.0589255650988789,0,0,0,0,0,0,0.166666666666667,0.235702260395516,0,0,0,0,0,0,0,0,0,0,0.25,0.353553390593274,0,0,0,0,0,0,0,0,0,0,0.291666666666667,0.0589255650988789,0,0,0,0,0,0,36.5,0.707106781186548,NA,NA,2018,0,NA,NA
"118","SRS","Wet","Pond","A.nat3",0,NA,0,NA,0,NA,0.0714285714285714,NA,0,NA,0,NA,0,NA,0,NA,0,NA,0,NA,0,NA,0,NA,0.0714285714285714,NA,0,NA,0,NA,0,NA,0,NA,0,NA,0,NA,0,NA,0,NA,0,NA,0.571428571428571,NA,0.142857142857143,NA,0,NA,0,NA,0.142857142857143,NA,0,NA,0,NA,0,NA,0,NA,8,NA,NA,NA,2018,NA,NA,NA
"119","SRS","Wet","Pond","B.bel1",0,0,0,0,0,0,0,0,0,0,0,0,0,0,0,0,0,0,0,0,0,0,0,0,0,0,0,0,0,0,0,0,0,0,0,0,0,0,0,0,1,0,0,0,0,0,0,0,0,0,0,0,0,0,0,0,0,0,0,0,0,0,43,3,NA,NA,2018,0,NA,NA
"120","SRS","Wet","Pond","C.bat1",0,NA,0,NA,0,NA,0,NA,0,NA,0,NA,0,NA,0.333333333333333,NA,0,NA,0,NA,0,NA,0.333333333333333,NA,0,NA,0,NA,0,NA,0,NA,0,NA,0,NA,0,NA,0,NA,0.333333333333333,NA,0,NA,0,NA,0,NA,0,NA,0,NA,0,NA,0,NA,0,NA,0,NA,0,NA,66,NA,NA,NA,2018,NA,NA,NA
"121","SRS","Wet","Pond","C.uro1",0,0,0,0,0,0,0,0,0,0,0,0,0,0,0,0,0,0,0,0,0,0,0.0333333333333333,0.0816496580927726,0,0,0,0,0,0,0,0,0,0,0.0399385560675883,0.0635655224751019,0,0,0,0,0.0053763440860215,0.0131692996923827,0.0714285714285714,0.174963553055941,0.844546850998464,0.158178450873858,0.0053763440860215,0.0131692996923827,0,0,0,0,0,0,0,0,0,0,0,0,0,0,103.5,13.6198384718762,NA,NA,2018,0,NA,NA
"122","SRS","Wet","Pond","C.uro2",0,0,0,0,0,0,0,0,0,0,0,0,0,0,0,0,0,0,0,0,0,0,0.166666666666667,0.235702260395516,0,0,0,0,0,0,0,0,0,0,0,0,0,0,0.5,0.707106781186548,0,0,0,0,0.333333333333333,0.471404520791032,0,0,0,0,0,0,0,0,0,0,0,0,0,0,0,0,82,9.89949493661167,NA,NA,2018,0,NA,NA
"123","SRS","Wet","Pond","E.eve1",0,0,0,0,0,0,0,0,0,0,0.271428571428571,0.386066858261129,0,0,0,0,0,0,0,0,0,0,0,0,0.142857142857143,0.377964473009227,0,0,0,0,0,0,0,0,0,0,0,0,0,0,0,0,0,0,0.2,0.382970843102535,0,0,0,0,0.385714285714286,0.456174569759471,0,0,0,0,0,0,0,0,0,0,162.857142857143,10.7304639761222,NA,NA,2018,0,NA,NA
"124","SRS","Wet","Pond","E.glo1",0.0989010989010989,0.0858269195154577,0,0,0,0,0.0333333333333333,0.0577350269189626,0,0,0,0,0,0,0,0,0,0,0,0,0,0,0,0,0,0,0,0,0,0,0,0,0.0256410256410256,0.0444115591684328,0,0,0,0,0,0,0,0,0,0,0.808791208791209,0.0446105123740317,0,0,0,0,0,0,0.0333333333333333,0.0577350269189626,0,0,0,0,0,0,0,0,194,2.64575131106459,NA,NA,2018,0,NA,NA
"125","SRS","Wet","Pond","E.suc1",0.0666666666666667,0.149071198499986,0,0,0,0,0,0,0,0,0.104891495601173,0.10990258380769,0.549049853372434,0.197141956746431,0,0,0,0,0.058,0.108719823399415,0,0,0.024633431085044,0.0395948730934197,0,0,0,0,0,0,0,0,0,0,0.0696969696969697,0.0955867290641667,0,0,0,0,0,0,0.119061583577713,0.163981808824765,0.008,0.0178885438199983,0,0,0,0,0,0,0,0,0,0,0,0,0,0,0,0,208.4,2.30217288664427,NA,NA,2018,0,NA,NA
"126","SRS","Wet","Pond","E.suc2",0.15,0.212132034355964,0,0,0,0,0,0,0,0,0.291666666666667,0.153206469257085,0.2,0.282842712474619,0,0,0,0,0.1,0.14142135623731,0,0,0.00833333333333333,0.0117851130197758,0,0,0,0,0,0,0,0,0,0,0.0583333333333333,0.058925565098879,0,0,0,0,0,0,0.141666666666667,0.200346921336188,0,0,0,0,0,0,0.05,0.0707106781186548,0,0,0,0,0,0,0,0,0,0,207.5,3.53553390593274,NA,NA,2018,0,NA,NA
"127","SRS","Wet","Pond","F.chr1",0.0380434782608696,0.157369997793524,0,0,0,0,0,0,0,0,0.0615942028985507,0.213522334755907,0.284586917771061,0.381399225628277,0.046583850931677,0.208369293231661,0.0031055900621118,0.0148938867183625,0.133116883116883,0.301290368019759,0,0,0.0869565217391304,0.28810406552003,0.0370553359683794,0.15269836094687,0,0,0,0,0,0,0,0,0.0709040533209331,0.13860198200354,0.0217391304347826,0.104257207028537,0,0,0.016304347826087,0.05721207341002,0.0605285592497869,0.216407241263896,0.0556301967427287,0.114954066621401,0.0388198757763975,0.157861786482745,0.0434782608695652,0.208514414057075,0.0450310559006211,0.169653072592067,0,0,0,0,0,0,0,0,0,0,282.521739130435,28.630672626045,NA,NA,2018,0,NA,NA
"128","SRS","Wet","Pond","F.chr2",0,NA,0,NA,0,NA,0,NA,0,NA,0,NA,0,NA,0,NA,0,NA,0.2,NA,0,NA,0,NA,0,NA,0,NA,0,NA,0,NA,0,NA,0,NA,0,NA,0,NA,0,NA,0,NA,0.8,NA,0,NA,0,NA,0,NA,0,NA,0,NA,0,NA,0,NA,0,NA,271,NA,NA,NA,2018,NA,NA,NA
"129","SRS","Wet","Pond","G.hol1",0,0,0.0522286355619689,0.122327673197465,0,0,0,0,0,0,0.0185185185185185,0.0785674201318386,0.270983645983646,0.349235159160459,0.00396825396825397,0.0168358757425368,0.00925925925925926,0.0392837100659193,0,0,0,0,0.0235690235690236,0.0562667170816678,0.295915504248838,0.377375424972272,0,0,0,0,0,0,0.0557359307359307,0.159711484244868,0.0991863075196408,0.186158391287876,0.00925925925925926,0.0392837100659193,0.0277777777777778,0.117851130197758,0,0,0.0965608465608466,0.250179636971351,0,0,0,0,0,0,0,0,0,0,0.037037037037037,0.122014083023493,0,0,0,0,0,0,474.888888888889,22.3787948182278,NA,NA,2018,0,NA,NA
"130","SRS","Wet","Pond","G.hol2",0,0,0.0277777777777778,0.0734930919740164,0,0,0,0,0,0,0.0277777777777778,0.0887151079037295,0.0969387755102041,0.245142310070271,0.0138888888888889,0.0443575539518648,0,0,0,0,0,0,0.08140589569161,0.147218386855567,0.197543461829176,0.25356315717462,0,0,0,0,0.0198412698412698,0.0640353738220454,0.0375661375661376,0.101863876154102,0.0119047619047619,0.0545544725589981,0.0555555555555556,0.219426862868128,0,0,0,0,0.330139833711262,0.314712124457256,0,0,0,0,0,0,0.0238095238095238,0.109108945117996,0,0,0.0679138321995465,0.117484063298116,0,0,0.00793650793650794,0.0363696483726654,0,0,444.571428571429,57.1152969252296,NA,NA,2018,0,NA,NA
"131","SRS","Wet","Pond","H.for1",0,0,0,0,0,0,0,0,0,0,0.166666666666667,0.353553390593274,0.19047619047619,0.30397965082866,0,0,0,0,0.037037037037037,0.111111111111111,0,0,0.238095238095238,0.207224942684872,0,0,0,0,0,0,0.037037037037037,0.111111111111111,0,0,0,0,0,0,0,0,0,0,0,0,0,0,0,0,0,0,0.148148148148148,0.337931251683234,0,0,0.182539682539683,0.194889351711249,0,0,0,0,0,0,651.333333333333,29.2403830344269,NA,NA,2018,0,NA,NA
"132","SRS","Wet","Pond","H.for2",0,0,0,0,0,0,0,0,0,0,0,0,0.222222222222222,0.384900179459751,0,0,0,0,0,0,0,0,0.361111111111111,0.127293769304329,0,0,0,0,0,0,0,0,0,0,0.166666666666667,0.288675134594813,0,0,0,0,0,0,0,0,0,0,0,0,0,0,0,0,0,0,0.25,0.25,0,0,0,0,0,0,641.333333333333,3.78593889720018,NA,NA,2018,0,NA,NA
"133","SRS","Wet","Pond","H.let1",0.00549450549450549,0.0205585570701865,0,0,0,0,0.0204081632653061,0.0763603548321213,0,0,0,0,0,0,0.0102040816326531,0.0381801774160606,0,0,0,0,0,0,0.145658904587476,0.257500857872277,0,0,0,0,0,0,0,0,0.0204081632653061,0.0763603548321213,0.00476190476190476,0.017817416127495,0,0,0,0,0,0,0.0664399092970522,0.118740111012074,0.647854526425955,0.278338310131355,0.0698412698412698,0.18155331529592,0,0,0,0,0,0,0,0,0,0,0.00892857142857143,0.033407655239053,0,0,772.714285714286,4.49664099298356,NA,NA,2018,0,NA,NA
"134","SRS","Wet","Pond","J.flo1",0,0,0,0,0,0,0,0,0,0,0,0,0,0,0,0,0,0,0,0,0,0,0.166666666666667,0.235702260395516,0,0,0,0,0,0,0.416666666666667,0.117851130197758,0,0,0,0,0,0,0,0,0,0,0,0,0,0,0,0,0,0,0,0,0,0,0.416666666666667,0.117851130197758,0,0,0,0,0,0,832,1.4142135623731,NA,NA,2018,0,NA,NA
"135","SRS","Wet","Pond","J.flo2",0,NA,0,NA,0,NA,0,NA,0,NA,0,NA,0,NA,0,NA,0,NA,0,NA,0,NA,0,NA,0,NA,0,NA,0,NA,0.333333333333333,NA,0,NA,0,NA,0,NA,0,NA,0,NA,0.333333333333333,NA,0,NA,0,NA,0,NA,0,NA,0,NA,0.333333333333333,NA,0,NA,0,NA,0,NA,832,NA,NA,NA,2018,NA,NA,NA
"136","SRS","Wet","Pond","L.goo1",0.0166666666666667,0.074535599249993,0,0,0,0,0,0,0,0,0.121647796647797,0.16934633757955,0.455022159213336,0.321277041811862,0,0,0,0,0.0985660173160173,0.236833992641914,0,0,0.114117965367965,0.154439500559133,0,0,0,0,0,0,0,0,0.0104761904761905,0.0345326667404115,0.0257694592988711,0.0513738911939323,0,0,0,0,0,0,0,0,0.0394491129785247,0.0847934561684039,0,0,0,0,0,0,0,0,0.101617965367965,0.152972926743009,0,0,0.0166666666666667,0.074535599249993,0,0,1027.2,40.0376138938847,NA,NA,2018,0,NA,NA
"137","SRS","Wet","Pond","L.goo2",0.0342105263157895,0.105478580736337,0,0,0,0,0,0,0,0,0.340631590631591,0.299357669032172,0.241320010398958,0.310971188170453,0,0,0,0,0.0265350877192982,0.0702070698083329,0,0,0.0360661268556005,0.0814205867846403,0,0,0,0,0,0,0,0,0.0760233918128655,0.230977619266722,0.0233918128654971,0.0792536115019732,0,0,0.0175438596491228,0.0764719112901873,0,0,0,0,0.0479695742853638,0.108124106418949,0,0,0,0,0.0350877192982456,0.152943822580375,0,0,0.0531713900134953,0.0900464146241433,0,0,0.0680489101541733,0.230629705728778,0,0,983,62.9135208926596,NA,NA,2018,0,NA,NA
"138","SRS","Wet","Pond","L.gul1",0,NA,0,NA,0,NA,0,NA,0,NA,0,NA,0,NA,0,NA,0,NA,0,NA,0,NA,0.333333333333333,NA,0,NA,0,NA,0,NA,0,NA,0,NA,0,NA,0,NA,0,NA,0,NA,0,NA,0,NA,0.333333333333333,NA,0,NA,0,NA,0.333333333333333,NA,0,NA,0,NA,0,NA,0,NA,1203,NA,NA,NA,2018,NA,NA,NA
"139","SRS","Wet","Pond","L.gul2",0,0,0,0,0,0,0,0,0,0,0,0,0,0,0,0,0.25,0.5,0,0,0,0,0.25,0.5,0,0,0,0,0,0,0,0,0,0,0,0,0,0,0,0,0.025,0.05,0,0,0,0,0.025,0.05,0,0,0,0,0.45,0.525991127935317,0,0,0,0,0,0,0,0,1197.75,5.7373048260195,NA,NA,2018,0,NA,NA
"140","SRS","Wet","Pond","L.gul3",0,0,0,0,0,0,0.111111111111111,0.333333333333333,0,0,0,0,0,0,0,0,0,0,0,0,0,0,0,0,0,0,0,0,0,0,0,0,0.222222222222222,0.440958551844098,0,0,0,0,0,0,0.277777777777778,0.440958551844098,0,0,0,0,0.037037037037037,0.111111111111111,0,0,0,0,0.0925925925925926,0.188398055086813,0,0,0.259259259259259,0.35464292596677,0,0,0,0,1209.22222222222,12.4476682332252,NA,NA,2018,0,NA,NA
"141","SRS","Wet","Pond","L.gul4",0,0,0,0,0,0,0,0,0,0,0,0,0,0,0,0,0,0,0,0,0,0,0.0208333333333333,0.0360843918243516,0.229166666666667,0.396928310067868,0,0,0,0,0,0,0,0,0,0,0,0,0,0,0.0208333333333333,0.0360843918243516,0.333333333333333,0.577350269189626,0,0,0.108333333333333,0.101036297108185,0,0,0,0,0.2875,0.444936793263942,0,0,0,0,0,0,0,0,1205.66666666667,14.2243921955679,NA,NA,2018,0,NA,NA
"142","SRS","Wet","Pond","L.mac1",0.242222222222222,0.394668168165312,0,0,0,0,0,0,0,0,0,0,0,0,0,0,0,0,0.0208333333333333,0.0510310363079829,0,0,0.0187918871252205,0.0206322184275096,0,0,0,0,0,0,0,0,0,0,0.476926192526968,0.480009627999228,0.00595238095238095,0.0145802960879951,0,0,0.0375289672285796,0.0248525224320807,0.0483204134366925,0.107371103995063,0,0,0,0,0,0,0.00666666666666667,0.0163299316185545,0.136805555555556,0.275005260892439,0.00595238095238095,0.0145802960879951,0,0,0,0,0,0,1263.33333333333,4.76095228569523,NA,NA,2018,0,NA,NA
"143","SRS","Wet","Pond","L.mar1",0,0,0,0,0,0,0,0,0,0,0,0,0,0,0,0,0,0,0,0,0,0,0,0,0.333333333333333,0.577350269189626,0,0,0,0,0,0,0,0,0,0,0,0,0,0,0.111111111111111,0.192450089729875,0,0,0,0,0.222222222222222,0.384900179459751,0,0,0,0,0,0,0,0,0,0,0,0,0.333333333333333,0.577350269189626,1304,1,NA,NA,2018,0,NA,NA
"144","SRS","Wet","Pond","L.mic1",0,0,0,0,0,0,0,0,0,0,0,0,0,0,0,0,0,0,0,0,0,0,0,0,0,0,0,0,0,0,0,0,0,0,0,0,0,0,0,0,0,0,0,0,1,0,0,0,0,0,0,0,0,0,0,0,0,0,0,0,0,0,1284,2.82842712474619,NA,NA,2018,0,NA,NA
"145","SRS","Wet","Pond","L.mic2",0,0,0,0,0,0,0,0,0,0,0,0,0,0,0,0,0,0,0,0,0,0,0,0,0,0,0,0,0,0,0,0,0,0,0,0,0,0,0,0,0,0,0,0,0.75,0.5,0,0,0,0,0,0,0.25,0.5,0,0,0,0,0,0,0,0,1283.5,3.69684550213647,NA,NA,2018,0,NA,NA
"146","SRS","Wet","Pond","L.pla1",0,0,0,0,0,0,0,0,0,0,0,0,0.0256410256410256,0.0924500327042048,0,0,0,0,0,0,0.0256410256410256,0.0924500327042048,0.115384615384615,0.219264504826757,0,0,0,0,0,0,0,0,0,0,0,0,0,0,0.217948717948718,0.381181249931244,0.346153846153846,0.473665466715671,0,0,0,0,0.0384615384615385,0.138675049056307,0,0,0,0,0.0384615384615385,0.138675049056307,0.115384615384615,0.219264504826757,0.0769230769230769,0.277350098112615,0,0,0,0,1335.69230769231,7.19241052991062,NA,NA,2018,0,NA,NA
"147","SRS","Wet","Pond","L.pla2",0,0,0,0,0,0,0.125,0.25,0,0,0,0,0,0,0,0,0,0,0,0,0,0,0.125,0.25,0,0,0,0,0,0,0,0,0,0,0,0,0,0,0,0,0.75,0.288675134594813,0,0,0,0,0,0,0,0,0,0,0,0,0,0,0,0,0,0,0,0,1340.5,8.10349718742881,NA,NA,2018,0,NA,NA
"148","SRS","Wet","Pond","L.pun2",0,0,0,0,0,0,0.0204081632653061,0.0539949247156039,0,0,0,0,0,0,0,0,0,0,0,0,0,0,0.0714285714285714,0.131132632078241,0,0,0,0,0,0,0,0,0.0884353741496599,0.151656440881687,0,0,0.0238095238095238,0.0629940788348712,0,0,0,0,0.0952380952380952,0.162650012158089,0.153061224489796,0.219881583114204,0,0,0,0,0,0,0.431972789115646,0.364326839526478,0.0476190476190476,0.125988157669742,0,0,0.0680272108843537,0.128533630120348,0,0,1353.85714285714,3.13201593379149,NA,NA,2018,0,NA,NA
"149","SRS","Wet","Pond","L.pun3",0,NA,0,NA,0,NA,0,NA,0,NA,0,NA,0,NA,0,NA,0,NA,0,NA,0,NA,0,NA,0,NA,0,NA,0,NA,0,NA,0,NA,0,NA,0,NA,0,NA,0.0833333333333333,NA,0,NA,0.833333333333333,NA,0.0833333333333333,NA,0,NA,0,NA,0,NA,0,NA,0,NA,0,NA,0,NA,1354,NA,NA,NA,2018,NA,NA,NA
"150","SRS","Wet","Pond","M.alb4",0,NA,0,NA,0,NA,0.5,NA,0,NA,0,NA,0,NA,0,NA,0,NA,0,NA,0,NA,0,NA,0,NA,0,NA,0,NA,0,NA,0,NA,0,NA,0,NA,0,NA,0.5,NA,0,NA,0,NA,0,NA,0,NA,0,NA,0,NA,0,NA,0,NA,0,NA,0,NA,1409,NA,NA,NA,2018,NA,NA,NA
"151","SRS","Wet","Pond","M.sal1",0,0,0,0,0,0,0.0714285714285714,0.188982236504614,0,0,0,0,0,0,0,0,0,0,0,0,0.142857142857143,0.377964473009227,0,0,0,0,0,0,0,0,0,0,0,0,0,0,0,0,0,0,0.642857142857143,0.377964473009227,0,0,0,0,0,0,0,0,0,0,0,0,0,0,0.142857142857143,0.243975018237133,0,0,0,0,1433,14.7873820085459,NA,NA,2018,0,NA,NA
"152","SRS","Wet","Pond","M.sia1",0,0,0,0,0,0,0,0,0,0,0,0,0,0,0,0,0,0,0,0,0,0,0,0,0,0,0,0,0,0,0,0,0,0,0,0,0,0,0.5,0.547722557505166,0.5,0.547722557505166,0,0,0,0,0,0,0,0,0,0,0,0,0,0,0,0,0,0,0,0,1493.5,18.0969610708539,NA,NA,2018,0,NA,NA
"153","SRS","Wet","Pond","N.pet1",0,0,0,0,0,0,0,0,0,0,0,0,0,0,0,0,0,0,0,0,0,0,0,0,0,0,0,0,0,0,0,0,0,0,0.5,0.707106781186548,0,0,0,0,0,0,0,0,0,0,0,0,0,0,0.5,0.707106781186548,0,0,0,0,0,0,0,0,0,0,1552.5,0.707106781186548,NA,NA,2018,0,NA,NA
"154","SRS","Wet","Pond","O.aur1",0,0,0,0,0,0,0,0,0,0,0,0,0,0,0,0,0,0,0,0,0,0,0.75,0.288675134594813,0,0,0,0,0,0,0,0,0,0,0,0,0,0,0,0,0,0,0.125,0.25,0,0,0,0,0,0,0.125,0.25,0,0,0,0,0,0,0,0,0.125,0.25,1589.5,11.5614301306831,NA,NA,2018,0,NA,NA
"155","SRS","Wet","Pond","P.lat1",0,0,0,0,0,0,0,0,0,0,0,0,0,0,0,0,0,0,0,0,0,0,0,0,0,0,0,0,0,0,0.2,0.273861278752583,0,0,0,0,0,0,0,0,0,0,0,0,0,0,0,0,0,0,0,0,0,0,0.8,0.273861278752583,0,0,0,0,0,0,1619.2,7.46324326281812,NA,NA,2018,0,NA,NA
"156","SRS","Wet","Pond","P.lat2",0,0,0,0,0,0,0,0,0,0,0,0,0,0,0,0,0,0,0,0,0,0,0,0,0,0,0,0,0,0,0.3125,0.458062690656452,0,0,0,0,0,0,0,0,0,0,0,0,0,0,0,0,0,0,0,0,0,0,0.6875,0.458062690656452,0,0,0,0,0,0,1621,4.34248118673448,NA,NA,2018,0,NA,NA
"157","SRS","Wet","Pond","S.lac1",0,NA,0,NA,0,NA,0,NA,0,NA,0,NA,0,NA,0,NA,0,NA,0,NA,0,NA,0.00564971751412429,NA,0,NA,0,NA,0,NA,0,NA,0,NA,0,NA,0,NA,0,NA,0,NA,0,NA,0.994350282485876,NA,0,NA,0,NA,0,NA,0,NA,0,NA,0,NA,0,NA,0,NA,1654,NA,NA,NA,2018,NA,NA,NA
"158","SRS","Wet","Pond","T.mar1",0,0,0,0,0,0,0,0,0,0,0,0,0,0,0,0,0,0,0,0,0,0,0.6,0.547722557505166,0,0,0,0,0,0,0,0,0,0,0,0,0,0,0,0,0,0,0,0,0,0,0,0,0,0,0,0,0,0,0.4,0.547722557505166,0,0,0,0,0,0,1666,1.58113883008419,NA,NA,2018,0,NA,NA
"159","TSL","Dry","Marsh","B.bel1",0,NA,0,NA,0,NA,0,NA,0,NA,0,NA,0,NA,0,NA,0,NA,0,NA,1,NA,0,NA,0,NA,0,NA,0,NA,0,NA,0,NA,0,NA,0,NA,0,NA,0,NA,0,NA,0,NA,0,NA,0,NA,0,NA,0,NA,0,NA,0,NA,0,NA,0,NA,39,NA,NA,NA,2019,NA,NA,NA
"160","TSL","Dry","Marsh","E.eve1",0.833333333333333,NA,0,NA,0,NA,0,NA,0,NA,0.166666666666667,NA,0,NA,0,NA,0,NA,0,NA,0,NA,0,NA,0,NA,0,NA,0,NA,0,NA,0,NA,0,NA,0,NA,0,NA,0,NA,0,NA,0,NA,0,NA,0,NA,0,NA,0,NA,0,NA,0,NA,0,NA,0,NA,123,NA,NA,NA,2019,NA,NA,NA
"161","TSL","Dry","Marsh","E.glo1",0.0502645502645503,0.0976313468184387,0,0,0,0,0,0,0,0,0.274007936507936,0.344597877235866,0.240277777777778,0.303094571783205,0,0,0,0,0.142328042328042,0.194094274911807,0,0,0.0222222222222222,0.0666666666666667,0,0,0,0,0,0,0,0,0.0555555555555556,0.166666666666667,0,0,0,0,0,0,0,0,0,0,0.138888888888889,0.333333333333333,0.0361111111111111,0.0740682868109632,0,0,0.00462962962962963,0.0138888888888889,0.0357142857142857,0.0837574242825612,0,0,0,0,0,0,0,0,186,2.73861278752583,NA,NA,2019,0,NA,NA
"162","TSL","Dry","Marsh","F.chr1",0,0,0,0,0,0,0,0,0,0,0,0,0.205714285714286,0.288132622525228,0.161904761904762,0.204401676488902,0,0,0,0,0,0,0,0,0.0166666666666667,0.0372677996249965,0,0,0,0,0,0,0.0666666666666667,0.149071198499986,0,0,0,0,0,0,0,0,0.225714285714286,0.23395446966782,0,0,0.233333333333333,0.324893144826965,0,0,0.09,0.124498995979887,0,0,0,0,0,0,0,0,0,0,259.6,21.2438226315322,NA,NA,2019,0,NA,NA
"163","TSL","Dry","Marsh","G.hol1",0,NA,0,NA,0,NA,0,NA,0,NA,0.25,NA,0,NA,0,NA,0,NA,0,NA,0,NA,0.25,NA,0.5,NA,0,NA,0,NA,0,NA,0,NA,0,NA,0,NA,0,NA,0,NA,0,NA,0,NA,0,NA,0,NA,0,NA,0,NA,0,NA,0,NA,0,NA,0,NA,329,NA,NA,NA,2019,NA,NA,NA
"164","TSL","Dry","Marsh","G.hol2",0,0,0,0,0,0,0,0,0,0,0,0,0,0,0,0,0,0,0,0,0,0,0,0,1,0,0,0,0,0,0,0,0,0,0,0,0,0,0,0,0,0,0,0,0,0,0,0,0,0,0,0,0,0,0,0,0,0,0,0,0,0,329,1.4142135623731,NA,NA,2019,0,NA,NA
"165","TSL","Dry","Marsh","H.for1",0,0,0,0,0,0,0,0,0,0,0.204635108481262,0.369137103230136,0.38517422748192,0.374981975549788,0,0,0,0,0.264957264957265,0.389651267367942,0,0,0.0507889546351085,0.0868134889916388,0,0,0,0,0,0,0,0,0.0282051282051282,0.0691832695550361,0.0341880341880342,0.123266710272273,0,0,0,0,0,0,0,0,0,0,0,0,0,0,0,0,0,0,0.032051282051282,0.0800640769025436,0,0,0,0,0,0,701,19.5320249846246,NA,NA,2019,0,NA,NA
"166","TSL","Dry","Marsh","H.for2",0,0,0,0,0,0,0,0,0,0,0.0285014005602241,0.0502101328676282,0.375798771121352,0.365712609850503,0,0,0,0,0.243108791903858,0.334298326364067,0,0,0.105119047619048,0.157225056663792,0,0,0,0,0,0,0.05,0.158113883008419,0,0,0.06,0.189736659610103,0,0,0,0,0,0,0,0,0,0,0,0,0,0,0.0906862745098039,0.258823219944358,0,0,0.0467857142857143,0.0775629727333154,0,0,0,0,0,0,686.9,36.7799764364615,NA,NA,2019,0,NA,NA
"167","TSL","Dry","Marsh","L.goo1",0.0179924242424242,0.0617809578503323,0,0,0,0,0,0,0,0,0.396433731172508,0.295934655997238,0.528950467961691,0.309823420733721,0.00297619047619048,0.0145802960879951,0,0,0.03,0.102320893357082,0,0,0.00595238095238095,0.0201664179490457,0,0,0,0,0,0,0,0,0.00416666666666667,0.0204124145231932,0,0,0,0,0,0,0,0,0,0,0,0,0,0,0,0,0.00757575757575758,0.0256663501169673,0,0,0.00595238095238095,0.0201664179490457,0,0,0,0,0,0,868.791666666667,11.4928301530796,NA,NA,2019,0,NA,NA
"168","TSL","Dry","Marsh","L.goo2",0.0908087016285368,0.194100246792914,0,0,0,0,0,0,0,0,0.38215597719793,0.234948999113905,0.424890236073512,0.228662674933376,0,0,0,0,0,0,0,0,0.0161692882281118,0.0387376098435737,0,0,0,0,0,0,0,0,0.0242956631845521,0.0912246456235071,0.00588235294117647,0.0219491997025066,0,0,0,0,0,0,0.00336700336700337,0.0174954627027159,0.00573192239858906,0.0207173301966641,0.00394231766780786,0.0142884445734822,0,0,0.0259959014344979,0.094577408290459,0,0,0.0108782829371065,0.029398742973388,0,0,0.00588235294117647,0.0219491997025066,0,0,869.148148148148,20.491468588178,NA,NA,2019,0,NA,NA
"169","TSL","Dry","Marsh","M.alb2",0,NA,0,NA,0,NA,0,NA,0,NA,0,NA,0,NA,0,NA,0,NA,0,NA,1,NA,0,NA,0,NA,0,NA,0,NA,0,NA,0,NA,0,NA,0,NA,0,NA,0,NA,0,NA,0,NA,0,NA,0,NA,0,NA,0,NA,0,NA,0,NA,0,NA,0,NA,1401,NA,NA,NA,2019,NA,NA,NA
"170","TSL","Dry","Pond","G.hol1",0,0,0.0192307692307692,0.098058067569092,0,0,0,0,0,0,0.0163170163170163,0.0670680858120445,0.0730769230769231,0.17563073149695,0.016025641025641,0.0578274769812508,0.0224358974358974,0.0801307691897449,0,0,0,0,0.296245421245421,0.362973467841496,0.145937395937396,0.278685801185957,0,0,0.00961538461538462,0.049029033784546,0.00480769230769231,0.024514516892273,0.0128205128205128,0.0653720450460613,0.0946137196137196,0.200298257085452,0.0384615384615385,0.135873244097351,0,0,0,0,0.188598901098901,0.270989237822324,0,0,0,0,0,0,0.0425824175824176,0.173210745403947,0,0,0.0192307692307692,0.098058067569092,0,0,0,0,0,0,467.807692307692,82.3703923655918,NA,NA,2019,0,NA,NA
"171","TSL","Dry","Pond","G.hol2",0,0,0.0217391304347826,0.0762827645466933,0,0,0.0434782608695652,0.208514414057075,0,0,0.0344202898550725,0.140262748295861,0.072463768115942,0.193493187287227,0.0652173913043478,0.22884829364008,0.0434782608695652,0.208514414057075,0,0,0,0,0.131521739130435,0.177203952178119,0.177536231884058,0.318122994750767,0,0,0.0217391304347826,0.104257207028537,0.00869565217391304,0.041702882811415,0.0126811594202899,0.0524566659311745,0,0,0.0579710144927536,0.155770289079898,0,0,0.00869565217391304,0.041702882811415,0.160869565217391,0.283137574782724,0.0144927536231884,0.0695048046856916,0.0434782608695652,0.208514414057075,0,0,0.0597826086956522,0.198171123091203,0,0,0.0217391304347826,0.104257207028537,0,0,0,0,0,0,457.217391304348,120.372511405122,NA,NA,2019,0,NA,NA
"172","TSL","Dry","Pond","H.for2",0,0,0,0,0,0,0,0,0,0,0,0,0.185185185185185,0.320750149549792,0,0,0,0,0.0740740740740741,0.128300059819917,0,0,0.175925925925926,0.0699058744006551,0,0,0,0,0,0,0,0,0,0,0.222222222222222,0.384900179459751,0,0,0,0,0,0,0,0,0,0,0,0,0,0,0.166666666666667,0.288675134594813,0,0,0.175925925925926,0.0699058744006551,0,0,0,0,0,0,707.666666666667,12.4230967690561,NA,NA,2019,0,NA,NA
"173","TSL","Dry","Pond","L.goo1",0,0,0,0,0,0,0,0,0,0,0.171428571428571,0.203372919086311,0.370779220779221,0.258441558441558,0,0,0,0,0,0,0,0,0.108441558441558,0.084920236469854,0,0,0,0,0,0,0,0,0,0,0.190909090909091,0.148824595852226,0,0,0,0,0,0,0,0,0,0,0,0,0,0,0,0,0,0,0.108441558441558,0.084920236469854,0,0,0.05,0.1,0,0,886.5,32.3573793747269,NA,NA,2019,0,NA,NA
"174","TSL","Dry","Pond","L.goo2",0,0,0,0,0,0,0,0,0,0,0.195224528557862,0.198297689095931,0.241198616198616,0.16665688271586,0,0,0,0,0.0170940170940171,0.0512820512820513,0,0,0.153829195495862,0.163900875531042,0,0,0,0,0,0,0,0,0,0,0.0379867046533713,0.0810965545725942,0,0,0,0,0,0,0.0846560846560847,0.169663161320888,0.0185185185185185,0.0555555555555556,0,0,0,0,0.0837742504409171,0.165676913352922,0,0,0.167718084384751,0.154248000802952,0,0,0,0,0,0,873.444444444444,27.9960314647948,NA,NA,2019,0,NA,NA
"175","TSL","Dry","Pond","M.ber1",0,0,0,0,0,0,0,0,0,0,0,0,0.111111111111111,0.192450089729875,0,0,0,0,0,0,0,0,0,0,0,0,0,0,0,0,0,0,0.333333333333333,0.577350269189626,0,0,0,0,0,0,0,0,0.0432098765432099,0.0748417015616182,0,0,0,0,0,0,0.45679012345679,0.436791100502086,0,0,0.0555555555555556,0.0962250448649376,0,0,0,0,0,0,1415,1,NA,NA,2019,0,NA,NA
"176","TSL","Dry","Pond","N.pet1",0,0,0,0,0,0,0,0,0,0,0.116666666666667,0.247607600468006,0,0,0,0,0.0333333333333333,0.129099444873581,0,0,0,0,0.333333333333333,0.449867705421219,0,0,0,0,0,0,0.0333333333333333,0.129099444873581,0,0,0.05,0.140152977645347,0,0,0.2,0.368394198806504,0.0333333333333333,0.129099444873581,0.166666666666667,0.361873432227873,0,0,0,0,0,0,0.0333333333333333,0.129099444873581,0,0,0,0,0,0,0,0,0,0,1554.6,9.90526555496044,NA,NA,2019,0,NA,NA
"177","TSL","Wet","Marsh","C.bat1",0,NA,0,NA,0,NA,0.7,NA,0,NA,0,NA,0,NA,0,NA,0,NA,0,NA,0,NA,0,NA,0,NA,0,NA,0,NA,0,NA,0,NA,0,NA,0,NA,0,NA,0,NA,0,NA,0.3,NA,0,NA,0,NA,0,NA,0,NA,0,NA,0,NA,0,NA,0,NA,58,NA,NA,NA,2018,NA,NA,NA
"178","TSL","Wet","Marsh","C.uro1",0.625,NA,0,NA,0,NA,0,NA,0,NA,0,NA,0,NA,0,NA,0,NA,0,NA,0,NA,0,NA,0,NA,0,NA,0,NA,0,NA,0,NA,0,NA,0,NA,0,NA,0,NA,0,NA,0.375,NA,0,NA,0,NA,0,NA,0,NA,0,NA,0,NA,0,NA,0,NA,73,NA,NA,NA,2018,NA,NA,NA
"179","TSL","Wet","Marsh","C.uro2",0,NA,0,NA,0,NA,0,NA,0,NA,0,NA,0,NA,0,NA,0,NA,0,NA,0,NA,0.5,NA,0,NA,0,NA,0,NA,0,NA,0,NA,0,NA,0,NA,0,NA,0,NA,0.5,NA,0,NA,0,NA,0,NA,0,NA,0,NA,0,NA,0,NA,0,NA,0,NA,80,NA,NA,NA,2018,NA,NA,NA
"180","TSL","Wet","Marsh","E.eve1",0.6,NA,0,NA,0,NA,0,NA,0,NA,0,NA,0,NA,0,NA,0,NA,0,NA,0,NA,0.2,NA,0,NA,0,NA,0,NA,0.2,NA,0,NA,0,NA,0,NA,0,NA,0,NA,0,NA,0,NA,0,NA,0,NA,0,NA,0,NA,0,NA,0,NA,0,NA,0,NA,133,NA,NA,NA,2018,NA,NA,NA
"181","TSL","Wet","Marsh","F.chr1",0,0,0.00909090909090909,0.0301511344577764,0,0,0,0,0,0,0.00699300699300699,0.0231931803521357,0.22027972027972,0.396019734241304,0.0727272727272727,0.241209075662211,0,0,0.0113636363636364,0.0376889180722205,0,0,0,0,0.0909090909090909,0.301511344577764,0,0,0,0,0,0,0,0,0.0204545454545455,0.0458505477314364,0,0,0,0,0,0,0.318181818181818,0.462208138868588,0,0,0,0,0.136363636363636,0.323334895341432,0.0681818181818182,0.226133508433323,0.0909090909090909,0.301511344577764,0,0,0,0,0,0,0,0,286.181818181818,5.67129935408424,NA,NA,2018,0,NA,NA
"182","TSL","Wet","Marsh","G.hol1",0.0241830065359477,0.0759949736517755,0.0781746031746032,0.149893144521364,0.00980392156862745,0.0404226041727222,0,0,0,0,0.122128851540616,0.190058628444572,0.0774743230625584,0.177467239220502,0.0065359477124183,0.0269484027818148,0.0065359477124183,0.0269484027818148,0,0,0,0,0.0343137254901961,0.121688152816729,0.269934640522876,0.349746705212253,0,0,0,0,0,0,0.0196078431372549,0.0808452083454443,0.143790849673203,0.296890276429187,0.0205882352941176,0.0638817842028632,0,0,0,0,0.191830065359477,0.266564416500997,0,0,0.00490196078431373,0.0202113020863611,0,0,0,0,0,0,0,0,0,0,0,0,0,0,408.705882352941,24.0306177247963,NA,NA,2018,0,NA,NA
"183","TSL","Wet","Marsh","G.hol2",0.04,0.154919333848297,0.0322222222222222,0.103981581600634,0,0,0,0,0,0,0.0166666666666667,0.0645497224367903,0.0388888888888889,0.150616019019177,0.0928571428571429,0.26098322723493,0.0244444444444444,0.0648155706683062,0,0,0,0,0.0784126984126984,0.153364878939784,0.283809523809524,0.288627719527127,0,0,0,0,0,0,0.0166666666666667,0.0645497224367903,0.019047619047619,0.0737711113563317,0,0,0.0333333333333333,0.129099444873581,0.0666666666666667,0.175932887637249,0.176984126984127,0.220579651799607,0,0,0.0666666666666667,0.258198889747161,0,0,0,0,0,0,0,0,0,0,0.0133333333333333,0.0516397779494322,0,0,411.733333333333,17.9183332558212,NA,NA,2018,0,NA,NA
"184","TSL","Wet","Marsh","H.for1",0,0,0,0,0,0,0,0,0,0,0.120499108734403,0.254594631678137,0.356404379933792,0.423350548257141,0,0,0.0909090909090909,0.301511344577764,0,0,0,0,0,0,0,0,0,0,0,0,0,0,0,0,0.0927934810287751,0.156053790974622,0,0,0,0,0,0,0.0606060606060606,0.134839972492648,0,0,0.0181818181818182,0.0603022689155527,0,0,0.260606060606061,0.416818154279985,0,0,0,0,0,0,0,0,0,0,659.181818181818,56.5363921413777,NA,NA,2018,0,NA,NA
"185","TSL","Wet","Marsh","H.for2",0.0363636363636364,0.0813115628181742,0,0,0,0,0,0,0,0,0.0571428571428571,0.127775312999988,0.185714285714286,0.255550625999976,0,0,0,0,0.163636363636364,0.365902032681784,0,0,0.35,0.418330013267038,0,0,0,0,0,0,0,0,0.1,0.223606797749979,0.0571428571428571,0.127775312999988,0,0,0,0,0,0,0,0,0,0,0,0,0,0,0,0,0,0,0.05,0.111803398874989,0,0,0,0,0,0,661.2,61.462996998194,NA,NA,2018,0,NA,NA
"186","TSL","Wet","Marsh","L.goo1",0.155350359517026,0.200568095342597,0,0,0,0,0,0,0,0,0.0736507936507936,0.129427794367807,0.511544967378301,0.394975408002549,0.0185185185185185,0.0785674201318386,0,0,0.0222222222222222,0.0548318880553316,0,0,0.0128282828282828,0.031531772663471,0,0,0,0,0,0,0,0,0.0277777777777778,0.117851130197758,0.0503052503052503,0.1337336029316,0,0,0,0,0,0,0.0555555555555556,0.235702260395516,0,0,0,0,0,0,0.0333333333333333,0.118817705157201,0,0,0.0338624338624339,0.0675390873126793,0,0,0.00505050505050505,0.0214274782177742,0,0,959.333333333333,22.4158557328355,NA,NA,2018,0,NA,NA
"187","TSL","Wet","Marsh","L.goo2",0.0887955182072829,0.157835245702328,0,0,0,0,0,0,0,0,0.1054011348129,0.155898796281585,0.442384808174282,0.260748123694176,0,0,0,0,0.0247432306255836,0.0738075158105624,0,0,0.0883053221288515,0.131500934224759,0,0,0,0,0,0,0,0,0.0117647058823529,0.0485071250072666,0.0921680143042372,0.153109971112606,0,0,0,0,0,0,0.00309597523219814,0.0127650328966491,0.0183904330963154,0.0508939666527406,0,0,0,0,0.0478352744606615,0.0946031422292039,0.0117647058823529,0.0485071250072666,0.0622549019607843,0.0840195061558301,0,0,0.00309597523219814,0.0127650328966491,0,0,968,30.935416596516,NA,NA,2018,0,NA,NA
"188","TSL","Wet","Marsh","M.alb1",0,NA,0,NA,0,NA,0,NA,0,NA,0,NA,0,NA,0,NA,0,NA,0,NA,0,NA,0,NA,0,NA,0,NA,0,NA,0,NA,0,NA,0,NA,0,NA,0,NA,0,NA,1,NA,0,NA,0,NA,0,NA,0,NA,0,NA,0,NA,0,NA,0,NA,0,NA,1403,NA,NA,NA,2018,NA,NA,NA
"189","TSL","Wet","Marsh","M.alb2",0,NA,0,NA,0,NA,0,NA,0,NA,0,NA,0,NA,0,NA,0,NA,0,NA,0,NA,0,NA,0,NA,0,NA,0,NA,0,NA,0,NA,0,NA,0,NA,0,NA,1,NA,0,NA,0,NA,0,NA,0,NA,0,NA,0,NA,0,NA,0,NA,0,NA,0,NA,1402,NA,NA,NA,2018,NA,NA,NA
"190","TSL","Wet","Marsh","M.alb3",0,0,0,0,0,0,0,0,0,0,0,0,0,0,0,0,0,0,0,0,0,0,0,0,0,0,0,0,0,0,0,0,0,0,0,0,0,0,0,0,0.25,0.353553390593274,0,0,0,0,0.75,0.353553390593274,0,0,0,0,0,0,0,0,0,0,0,0,0,0,1412.5,0.707106781186548,NA,NA,2018,0,NA,NA
"191","TSL","Wet","Marsh","N.pet1",1,NA,0,NA,0,NA,0,NA,0,NA,0,NA,0,NA,0,NA,0,NA,0,NA,0,NA,0,NA,0,NA,0,NA,0,NA,0,NA,0,NA,0,NA,0,NA,0,NA,0,NA,0,NA,0,NA,0,NA,0,NA,0,NA,0,NA,0,NA,0,NA,0,NA,0,NA,1570,NA,NA,NA,2018,NA,NA,NA
"192","TSL","Wet","NP","B.bel1",0,NA,0,NA,0,NA,0,NA,0,NA,0,NA,0,NA,0,NA,0,NA,0,NA,1,NA,0,NA,0,NA,0,NA,0,NA,0,NA,0,NA,0,NA,0,NA,0,NA,0,NA,0,NA,0,NA,0,NA,0,NA,0,NA,0,NA,0,NA,0,NA,0,NA,0,NA,42,NA,NA,NA,2018,NA,NA,NA
"193","TSL","Wet","NP","C.bim1",0,0,0,0,0,0,0,0,0,0,0,0,0,0,0,0,0,0,0,0,0,0,0.166666666666667,0.288675134594813,0,0,0,0,0,0,0,0,0,0,0,0,0,0,0,0,0.388888888888889,0.346944333244355,0.333333333333333,0.577350269189626,0.111111111111111,0.192450089729875,0,0,0,0,0,0,0,0,0,0,0,0,0,0,0,0,49,1,NA,NA,2018,0,NA,NA
"194","TSL","Wet","NP","C.man1",0,NA,0,NA,0,NA,0,NA,0,NA,0,NA,0,NA,0,NA,0,NA,0,NA,0,NA,0,NA,0,NA,0,NA,0,NA,0,NA,0,NA,0,NA,0,NA,0,NA,0,NA,0.6,NA,0,NA,0.4,NA,0,NA,0,NA,0,NA,0,NA,0,NA,0,NA,0,NA,67,NA,NA,NA,2018,NA,NA,NA
"195","TSL","Wet","NP","C.uro1",0,0,0,0,0,0,0,0,0,0,0,0,0,0,0,0,0,0,0,0,0,0,0.583333333333333,0.58925565098879,0,0,0,0,0,0,0,0,0,0,0.0833333333333333,0.117851130197758,0,0,0,0,0,0,0.25,0.353553390593274,0,0,0,0,0,0,0,0,0,0,0,0,0,0,0.0833333333333333,0.117851130197758,0,0,83,12.7279220613579,NA,NA,2018,0,NA,NA
"196","TSL","Wet","NP","E.eve1",0.816666666666667,0.160727512683216,0,0,0,0,0,0,0,0,0.0888888888888889,0.0838870492807861,0,0,0,0,0,0,0,0,0,0,0.0333333333333333,0.0577350269189626,0,0,0,0,0,0,0.0333333333333333,0.0577350269189626,0,0,0,0,0,0,0,0,0,0,0,0,0,0,0.0277777777777778,0.0481125224324688,0,0,0,0,0,0,0,0,0,0,0,0,0,0,133.666666666667,1.52752523165195,NA,NA,2018,0,NA,NA
"197","TSL","Wet","NP","E.glo1",0.75,0.353553390593274,0,0,0,0,0,0,0,0,0,0,0,0,0,0,0,0,0,0,0,0,0,0,0,0,0,0,0,0,0,0,0,0,0,0,0,0,0,0,0,0,0.25,0.353553390593274,0,0,0,0,0,0,0,0,0,0,0,0,0,0,0,0,0,0,192.5,0.707106781186548,NA,NA,2018,0,NA,NA
"198","TSL","Wet","NP","F.chr1",0,NA,0,NA,0,NA,0,NA,0,NA,0,NA,0,NA,0,NA,0,NA,0,NA,0,NA,0,NA,0.333333333333333,NA,0,NA,0,NA,0,NA,0,NA,0,NA,0,NA,0,NA,0.333333333333333,NA,0,NA,0.333333333333333,NA,0,NA,0,NA,0,NA,0,NA,0,NA,0,NA,0,NA,0,NA,288,NA,NA,NA,2018,NA,NA,NA
"199","TSL","Wet","NP","G.hol1",0.0285714285714286,0.0755928946018455,0.0571428571428571,0.151185789203691,0.0714285714285714,0.188982236504614,0,0,0,0,0,0,0,0,0,0,0.0142857142857143,0.0377964473009227,0,0,0,0,0.107142857142857,0.196698948117361,0.45,0.366287682930598,0,0,0.0142857142857143,0.0377964473009227,0,0,0.0142857142857143,0.0377964473009227,0.0857142857142857,0.118019368870416,0.0142857142857143,0.0377964473009227,0,0,0,0,0.128571428571429,0.197604704011871,0,0,0.0142857142857143,0.0377964473009227,0,0,0,0,0,0,0.0714285714285714,0.188982236504614,0,0,0,0,0,0,398.428571428571,15.7782248986501,NA,NA,2018,0,NA,NA
"200","TSL","Wet","NP","G.hol2",0,NA,0,NA,0,NA,0,NA,0,NA,0,NA,0,NA,0,NA,0,NA,0,NA,0,NA,0.2,NA,0,NA,0,NA,0,NA,0,NA,0,NA,0,NA,0,NA,0,NA,0,NA,0.6,NA,0,NA,0,NA,0,NA,0,NA,0,NA,0.2,NA,0,NA,0,NA,0,NA,389,NA,NA,NA,2018,NA,NA,NA
"201","TSL","Wet","NP","H.for1",0.0909090909090909,0.301511344577764,0,0,0,0,0,0,0,0,0.0935064935064935,0.21154086172205,0.383658008658009,0.377808489572199,0.012987012987013,0.0430730492253948,0.0303030303030303,0.100503781525921,0,0,0,0,0.0227272727272727,0.0753778361444409,0,0,0,0,0,0,0.0227272727272727,0.0753778361444409,0,0,0.0636363636363636,0.11590661514488,0,0,0,0,0,0,0.0227272727272727,0.0753778361444409,0,0,0,0,0,0,0.211363636363636,0.308722113614078,0,0,0.0454545454545455,0.150755672288882,0,0,0,0,0,0,615.454545454545,9.41661973707802,NA,NA,2018,0,NA,NA
"202","TSL","Wet","NP","H.for2",0.0833333333333333,0.166666666666667,0,0,0,0,0,0,0,0,0,0,0.370833333333333,0.105738146170413,0,0,0,0,0,0,0,0,0.175,0.23629078131263,0,0,0,0,0,0,0,0,0,0,0.0833333333333333,0.166666666666667,0,0,0,0,0,0,0,0,0,0,0,0,0,0,0.2375,0.354436171968946,0,0,0.05,0.1,0,0,0,0,0,0,653,53.3479146733966,NA,NA,2018,0,NA,NA
"203","TSL","Wet","NP","L.goo1",0.079704246370913,0.105029666581998,0,0,0,0,0,0,0,0,0.246557454890788,0.195799499023768,0.249949124949125,0.260365358875545,0.00854700854700855,0.0256410256410256,0,0,0.0615079365079365,0.102235500222129,0,0,0.052638719305386,0.0653276859142341,0,0,0,0,0,0,0,0,0,0,0.100308641975309,0.121434046746333,0,0,0,0,0,0,0,0,0,0,0,0,0,0,0.12962962962963,0.270387810193497,0,0,0.0711572378239045,0.0718390306792728,0,0,0,0,0,0,968.666666666667,21.6910119634839,NA,NA,2018,0,NA,NA
"204","TSL","Wet","NP","L.goo2",0.1,0.162980060130066,0,0,0,0,0,0,0,0,0.133333333333333,0.298142396999972,0.239285714285714,0.173866592066258,0,0,0,0,0.196428571428571,0.138320833793122,0,0,0.0666666666666667,0.149071198499986,0,0,0,0,0,0,0,0,0.00952380952380952,0.021295885499998,0.0952380952380952,0.146771761975452,0,0,0,0,0,0,0,0,0,0,0,0,0,0,0.0928571428571429,0.0922715048768844,0,0,0.0666666666666667,0.149071198499986,0,0,0,0,0,0,994.6,6.58027355054484,NA,NA,2018,0,NA,NA
"205","TSL","Wet","Pond","A.ros1",0,NA,0,NA,0,NA,0,NA,0,NA,0,NA,0,NA,0.166666666666667,NA,0,NA,0,NA,0,NA,0.166666666666667,NA,0,NA,0,NA,0,NA,0,NA,0,NA,0,NA,0,NA,0,NA,0,NA,0.5,NA,0,NA,0.166666666666667,NA,0,NA,0,NA,0,NA,0,NA,0,NA,0,NA,0,NA,6,NA,NA,NA,2018,NA,NA,NA
"206","TSL","Wet","Pond","B.bel1",0,NA,0,NA,0,NA,0,NA,0,NA,0,NA,0,NA,0,NA,0,NA,0,NA,0,NA,0,NA,0,NA,0,NA,0,NA,0,NA,0,NA,0,NA,0,NA,0,NA,1,NA,0,NA,0,NA,0,NA,0,NA,0,NA,0,NA,0,NA,0,NA,0,NA,0,NA,41,NA,NA,NA,2018,NA,NA,NA
"207","TSL","Wet","Pond","C.bat1",0.96484375,NA,0,NA,0,NA,0,NA,0,NA,0.00390625,NA,0,NA,0,NA,0,NA,0,NA,0,NA,0,NA,0.0078125,NA,0,NA,0,NA,0,NA,0,NA,0,NA,0,NA,0,NA,0,NA,0,NA,0,NA,0.0234375,NA,0,NA,0,NA,0,NA,0,NA,0,NA,0,NA,0,NA,53,NA,NA,NA,2018,NA,NA,NA
"208","TSL","Wet","Pond","C.oce1",0,NA,0,NA,0,NA,0,NA,0,NA,0,NA,0,NA,0,NA,0,NA,0,NA,0,NA,0,NA,0,NA,0,NA,0,NA,0,NA,0,NA,0,NA,0,NA,1,NA,0,NA,0,NA,0,NA,0,NA,0,NA,0,NA,0,NA,0,NA,0,NA,0,NA,0,NA,71,NA,NA,NA,2018,NA,NA,NA
"209","TSL","Wet","Pond","C.uro1",0,0,0,0,0,0,0,0,0,0,0,0,0,0,0,0,0,0,0,0,0,0,0.5,0.707106781186548,0,0,0,0,0,0,0,0,0,0,0,0,0,0,0,0,0.0263157894736842,0.0372161463782393,0,0,0.447368421052632,0.632674488430069,0,0,0,0,0,0,0.0263157894736842,0.0372161463782393,0,0,0,0,0,0,0,0,107.5,4.94974746830583,NA,NA,2018,0,NA,NA
"210","TSL","Wet","Pond","C.uro2",0,0,0,0,0,0,0,0,0,0,0,0,0,0,0,0,0,0,0,0,0,0,0.0238095238095238,0.0336717514850737,0,0,0,0,0,0,0.0238095238095238,0.0336717514850737,0,0,0,0,0,0,0,0,0.5,0.707106781186548,0,0,0.452380952380952,0.6397632782164,0,0,0,0,0,0,0,0,0,0,0,0,0,0,0,0,96.5,12.0208152801713,NA,NA,2018,0,NA,NA
"211","TSL","Wet","Pond","G.hol1",0,0,0.0897435897435897,0.187766904049703,0,0,0,0,0,0,0.032967032967033,0.118864327762549,0.0623188405797101,0.16812218878949,0,0,0,0,0,0,0,0,0.0494505494505494,0.103080637214149,0.376644370122631,0.389772021424048,0,0,0,0,0,0,0.032051282051282,0.0800640769025436,0.131549609810479,0.214999852521123,0.0384615384615385,0.0998574482525463,0,0,0,0,0.175824175824176,0.228070396122632,0,0,0.010989010989011,0.0396214425875164,0,0,0,0,0,0,0,0,0,0,0,0,0,0,404.076923076923,44.3009810622397,NA,NA,2018,0,NA,NA
"212","TSL","Wet","Pond","G.hol2",0.0696627933470039,0.143304288463982,0.17719298245614,0.252958453520094,0,0,0.0075187969924812,0.0327736762672231,0,0,0.0150375939849624,0.0655473525344462,0.0131578947368421,0.0573539334676404,0.0618022328548644,0.114091768665486,0.0131578947368421,0.0573539334676404,0,0,0,0,0.0192982456140351,0.0580716771594308,0.119047619047619,0.170865477314373,0,0,0,0,0,0,0.0294486215538847,0.0723451357982574,0.0526315789473684,0.133825844757828,0.0239234449760766,0.104279879032074,0.0263157894736842,0.114707866935281,0.0789473684210526,0.25072992856064,0.235839598997494,0.312957625303664,0.0131578947368421,0.0573539334676404,0.0131578947368421,0.0573539334676404,0,0,0,0,0,0,0.0131578947368421,0.0573539334676404,0,0,0.0175438596491228,0.0764719112901873,0,0,401.052631578947,32.7303353756293,NA,NA,2018,0,NA,NA
"213","TSL","Wet","Pond","H.for2",0,0,0,0,0,0,0,0,0,0,0.305555555555556,0.393817968854384,0.361111111111111,0.375770812735241,0,0,0,0,0.0833333333333333,0.144337567297406,0,0,0.0833333333333333,0.144337567297406,0,0,0,0,0,0,0,0,0,0,0.0555555555555556,0.0962250448649376,0,0,0,0,0,0,0,0,0,0,0,0,0,0,0.111111111111111,0.192450089729875,0,0,0,0,0,0,0,0,0,0,725,1,NA,NA,2018,0,NA,NA
"214","TSL","Wet","Pond","L.goo1",0.126984126984127,0.189901143943278,0,0,0,0,0,0,0,0,0.0757954545454545,0.139147655975069,0.329945193695194,0.31803316246923,0,0,0,0,0.0263095238095238,0.0738094227503553,0,0,0.149641608391608,0.182935607339616,0,0,0,0,0,0,0,0,0.01,0.0447213595499958,0.0663034188034188,0.133303865029095,0,0,0,0,0,0,0,0,0,0,0,0,0,0,0.0836101398601399,0.18674045686081,0,0,0.131410533910534,0.167686243315125,0,0,0,0,0,0,975.35,24.807203962177,NA,NA,2018,0,NA,NA
"215","TSL","Wet","Pond","L.goo2",0.099968734968735,0.176989554647369,0,0,0,0,0,0,0,0,0.116216931216931,0.176715597582003,0.29012321012321,0.2807065474142,0,0,0.01,0.0447213595499958,0.149902134902135,0.261394768772711,0,0,0.0844786694786695,0.0871262108208403,0,0,0,0,0,0,0,0,0.00555555555555555,0.0248451997499977,0.00185185185185185,0.00828173324999922,0,0,0.00833333333333333,0.0372677996249965,0,0,0.04,0.118765580695312,0.025,0.0815600808215988,0,0,0,0,0.00714285714285714,0.031943828249997,0,0,0.102335812335812,0.127134602224273,0,0,0.0590909090909091,0.18993702040941,0,0,974.85,26.3024413515672,NA,NA,2018,0,NA,NA
"216","TSL","Wet","Pond","L.gul3",0,NA,0,NA,0,NA,0,NA,0,NA,0,NA,0,NA,0,NA,0,NA,0,NA,0.333333333333333,NA,0.333333333333333,NA,0,NA,0,NA,0,NA,0,NA,0,NA,0,NA,0,NA,0,NA,0,NA,0,NA,0,NA,0,NA,0,NA,0,NA,0.333333333333333,NA,0,NA,0,NA,0,NA,0,NA,1225,NA,NA,NA,2018,NA,NA,NA
"217","TSL","Wet","Pond","L.mac1",0,0,0.04,0.0894427190999916,0,0,0.0166666666666667,0.0372677996249965,0,0,0,0,0,0,0,0,0,0,0,0,0,0,0.04,0.0894427190999916,0,0,0,0,0,0,0,0,0,0,0,0,0,0,0.14,0.219089023002066,0.15,0.223606797749979,0.2,0.447213595499958,0,0,0.246666666666667,0.326045327455487,0,0,0.166666666666667,0.372677996249965,0,0,0,0,0,0,0,0,0,0,1268.4,2.70185121722126,NA,NA,2018,0,NA,NA
"218","TSL","Wet","Pond","L.mar1",0,NA,0,NA,0,NA,0,NA,0,NA,0,NA,0,NA,0,NA,0,NA,0,NA,0,NA,0,NA,0,NA,0,NA,0,NA,0,NA,0,NA,0,NA,0,NA,1,NA,0,NA,0,NA,0,NA,0,NA,0,NA,0,NA,0,NA,0,NA,0,NA,0,NA,0,NA,1306,NA,NA,NA,2018,NA,NA,NA
"219","TSL","Wet","Pond","L.mic1",0.277777777777778,0.392837100659193,0,0,0,0,0,0,0,0,0,0,0,0,0,0,0.166666666666667,0.235702260395516,0,0,0,0,0.166666666666667,0.235702260395516,0,0,0,0,0,0,0,0,0,0,0,0,0,0,0,0,0.166666666666667,0.235702260395516,0,0,0,0,0.222222222222222,0.157134840263677,0,0,0,0,0,0,0,0,0,0,0,0,0,0,1280.5,4.94974746830583,NA,NA,2018,0,NA,NA
"220","TSL","Wet","Pond","L.mic2",0,NA,0,NA,0,NA,0,NA,0,NA,0,NA,0,NA,0,NA,0,NA,0,NA,0,NA,0.5,NA,0,NA,0,NA,0,NA,0,NA,0,NA,0,NA,0,NA,0,NA,0,NA,0,NA,0,NA,0,NA,0,NA,0,NA,0,NA,0.5,NA,0,NA,0,NA,0,NA,1279,NA,NA,NA,2018,NA,NA,NA
"221","TSL","Wet","Pond","L.sic1",0,0,0.0217391304347826,0.104257207028537,0,0,0,0,0,0,0.0217391304347826,0.104257207028537,0.113833992094862,0.30236818309122,0,0,0.00395256916996047,0.0189558558233704,0,0,0,0,0.0108695652173913,0.0521286035142687,0.102766798418972,0.293050419431778,0,0,0,0,0,0,0,0,0.333272162619989,0.315181051373512,0.00790513833992095,0.0379117116467409,0,0,0,0,0.29903538490495,0.365842635328699,0,0,0.072463768115942,0.245289392868593,0,0,0.0124223602484472,0.0595755468734499,0,0,0,0,0,0,0,0,0,0,1388.52173913043,7.42764838117074,NA,NA,2018,0,NA,NA
"222","TSL","Wet","Pond","M.sal1",0,0,0,0,0,0,0,0,0,0,0,0,0,0,0,0,0,0,0,0,0.0555555555555556,0.235702260395516,0.305555555555556,0.458221911590266,0.0277777777777778,0.117851130197758,0,0,0,0,0,0,0,0,0,0,0.0555555555555556,0.235702260395516,0.0277777777777778,0.117851130197758,0.361111111111111,0.4791400248348,0.0648148148148148,0.190792027286539,0,0,0.0833333333333333,0.257247877713763,0.0185185185185185,0.0785674201318386,0,0,0.0185185185185185,0.0785674201318386,0,0,0,0,0,0,0,0,1434.16666666667,10.3369696321732,NA,NA,2018,0,NA,NA
"223","TSL","Wet","Pond","M.sia1",0,0,0,0,0,0,0,0,0,0,0,0,0,0,0,0,0,0,0,0,0,0,0.0606060606060606,0.201007563051842,0,0,0,0,0,0,0,0,0,0,0,0,0,0,0.575757575757576,0.4964520585763,0.363636363636364,0.504524979109513,0,0,0,0,0,0,0,0,0,0,0,0,0,0,0,0,0,0,0,0,1491.27272727273,25.1836888048233,NA,NA,2018,0,NA,NA
"224","TSL","Wet","Pond","N.pet1",0,0,0,0,0,0,0,0,0,0,0.05,0.158113883008419,0.7,0.483045891539648,0,0,0,0,0,0,0,0,0.05,0.158113883008419,0,0,0,0,0,0,0,0,0,0,0.1,0.316227766016838,0,0,0.1,0.316227766016838,0,0,0,0,0,0,0,0,0,0,0,0,0,0,0,0,0,0,0,0,0,0,1552.8,10.7061768256564,NA,NA,2018,0,NA,NA
"225","TSL","Wet","Pond","P.lat2",0,NA,0,NA,0,NA,0,NA,0,NA,0,NA,0,NA,0,NA,0,NA,0,NA,0,NA,0,NA,0,NA,0,NA,0,NA,0,NA,0,NA,0,NA,0,NA,1,NA,0,NA,0,NA,0,NA,0,NA,0,NA,0,NA,0,NA,0,NA,0,NA,0,NA,0,NA,1613,NA,NA,NA,2018,NA,NA,NA
"226","TSL","Wet","Pond","T.mar1",0,0,0,0,0,0,0,0,0,0,0,0,0,0,0,0,0,0,0,0,0,0,0.7,0.34960294939005,0,0,0,0,0,0,0.05,0.158113883008419,0,0,0,0,0,0,0,0,0.0833333333333333,0.180020574955774,0.05,0.158113883008419,0,0,0,0,0,0,0.0833333333333333,0.180020574955774,0,0,0.0333333333333333,0.105409255338946,0,0,0,0,0,0,1664.1,5.82046199006383,NA,NA,2018,0,NA,NA
