"","names","interval","lower","upper","NA","NA"
"X99.","SRS_Marsh_Dry.C.uro1","99%",0.000883919349615169,0.0166563532234482,NA,NA
"X95.","SRS_Marsh_Dry.C.uro1","95%",0.00111271137355045,0.0102994162565129,NA,NA
"X50.","SRS_Marsh_Dry.C.uro1","50%",0.00196052246519243,0.00419110345398867,NA,NA
"X99..1","SRS_Marsh_Dry.E.eve1","99%",0.0325109284445142,0.232557406603371,NA,NA
"X95..1","SRS_Marsh_Dry.E.eve1","95%",0.0389381864119401,0.173996159748491,NA,NA
"X50..1","SRS_Marsh_Dry.E.eve1","50%",0.0593120423961623,0.098745998303472,NA,NA
"X99..2","SRS_Marsh_Dry.E.glo1","99%",0.110011314500716,1.52828655644036,NA,NA
"X95..2","SRS_Marsh_Dry.E.glo1","95%",0.141528152548871,1.01097330721396,NA,NA
"X50..2","SRS_Marsh_Dry.E.glo1","50%",0.245925251410508,0.475420866531706,NA,NA
"X99..3","SRS_Marsh_Dry.E.suc1","99%",0.0426947307674697,0.93438764256225,NA,NA
"X95..3","SRS_Marsh_Dry.E.suc1","95%",0.0603214603028428,0.578805051832276,NA,NA
"X50..3","SRS_Marsh_Dry.E.suc1","50%",0.110908778147619,0.236360833456637,NA,NA
"X99..4","SRS_Marsh_Dry.F.chr1","99%",0.196500826039106,1.25168310876261,NA,NA
"X95..4","SRS_Marsh_Dry.F.chr1","95%",0.233424108145484,0.943193667008474,NA,NA
"X50..4","SRS_Marsh_Dry.F.chr1","50%",0.348062502696003,0.561849993727269,NA,NA
"X99..5","SRS_Marsh_Dry.G.hol1","99%",0.021602281727022,0.23137124813699,NA,NA
"X95..5","SRS_Marsh_Dry.G.hol1","95%",0.0277751117425468,0.159383742867158,NA,NA
"X50..5","SRS_Marsh_Dry.G.hol1","50%",0.0447427435999349,0.0811219009284289,NA,NA
"X99..6","SRS_Marsh_Dry.G.hol2","99%",0.0185806642094757,0.248514055482101,0.250851348694192,0.259109730511766
"X95..6","SRS_Marsh_Dry.G.hol2","95%",0.0234611466288094,0.167743024190986,NA,NA
"X50..6","SRS_Marsh_Dry.G.hol2","50%",0.0403034952784896,0.0784107255701512,NA,NA
"X99..7","SRS_Marsh_Dry.H.for2","99%",0.00575269686448746,0.077605662438693,NA,NA
"X95..7","SRS_Marsh_Dry.H.for2","95%",0.00715804975281335,0.0514874211159083,NA,NA
"X50..7","SRS_Marsh_Dry.H.for2","50%",0.0120917164682467,0.0236129379943396,NA,NA
"X99..8","SRS_Marsh_Dry.H.let1","99%",0.346364176285909,0.871136908061679,NA,NA
"X95..8","SRS_Marsh_Dry.H.let1","95%",0.38474760441164,0.770005183355194,NA,NA
"X50..8","SRS_Marsh_Dry.H.let1","50%",0.47598638222122,0.604708407227099,NA,NA
"X99..9","SRS_Marsh_Dry.H.lit1","99%",0.0257102422288033,1.27734332539633,NA,NA
"X95..9","SRS_Marsh_Dry.H.lit1","95%",0.044561362112289,0.714966175090094,NA,NA
"X50..9","SRS_Marsh_Dry.H.lit1","50%",0.0955295150558342,0.235652704163154,NA,NA
"X99..10","SRS_Marsh_Dry.L.goo1","99%",0.00300799460217505,0.0107374310200806,NA,NA
"X95..10","SRS_Marsh_Dry.L.goo1","95%",0.00340243850893182,0.00896471804854337,NA,NA
"X50..10","SRS_Marsh_Dry.L.goo1","50%",0.00450833397945548,0.0063110951822217,NA,NA
"X99..11","SRS_Marsh_Dry.L.goo2","99%",0.0907005974746099,0.265867083493477,NA,NA
"X95..11","SRS_Marsh_Dry.L.goo2","95%",0.10239767951209,0.229364059998353,NA,NA
"X50..11","SRS_Marsh_Dry.L.goo2","50%",0.131515660595279,0.172706482308381,NA,NA
"X99..12","SRS_Marsh_Dry.L.mar1","99%",0.0529439069187544,2.3960616673518,NA,NA
"X95..12","SRS_Marsh_Dry.L.mar1","95%",0.0828812072434932,1.30645371225245,NA,NA
"X50..12","SRS_Marsh_Dry.L.mar1","50%",0.181619039489103,0.448554516643379,NA,NA
"X99..13","SRS_Marsh_Dry.L.pun2","99%",0.165004805413997,1.51468573698948,NA,NA
"X95..13","SRS_Marsh_Dry.L.pun2","95%",0.206140766287757,1.07090213092683,NA,NA
"X50..13","SRS_Marsh_Dry.L.pun2","50%",0.337256715154141,0.584338533339666,NA,NA
"X99..14","SRS_Marsh_Dry.R.gry1","99%",0.077400372489373,0.843784876977948,NA,NA
"X95..14","SRS_Marsh_Dry.R.gry1","95%",0.0983379321014196,0.583063961640145,NA,NA
"X50..14","SRS_Marsh_Dry.R.gry1","50%",0.16169607711626,0.294374635814464,NA,NA
"X99..15","SRS_Marsh_Dry.S.lac1","99%",0.00966049504631189,0.340312885164878,NA,NA
"X95..15","SRS_Marsh_Dry.S.lac1","95%",0.0131824470556328,0.200472383999083,NA,NA
"X50..15","SRS_Marsh_Dry.S.lac1","50%",0.0264141031239333,0.0653963612926466,NA,NA
"X99..16","SRS_Marsh_Wet.C.bat1","99%",0.321760964568367,2.37874840400334,NA,NA
"X95..16","SRS_Marsh_Wet.C.bat1","95%",0.393507494618132,1.76322898381412,NA,NA
"X50..16","SRS_Marsh_Wet.C.bat1","50%",0.60519568284109,1.0094967366235,NA,NA
"X99..17","SRS_Marsh_Wet.C.und1","99%",0.109399583709539,4.18459923399818,NA,NA
"X95..17","SRS_Marsh_Wet.C.und1","95%",0.153545070312605,2.32622959600839,NA,NA
"X50..17","SRS_Marsh_Wet.C.und1","50%",0.313203525562567,0.782520411959692,NA,NA
"X99..18","SRS_Marsh_Wet.C.uro1","99%",0.00126433775130302,0.00507250519918255,0.00515353003849914,0.00523455487781572
"X95..18","SRS_Marsh_Wet.C.uro1","95%",0.00142638742993619,0.00418123196670011,NA,NA
"X50..18","SRS_Marsh_Wet.C.uro1","50%",0.00199356130515229,0.00280380969831815,NA,NA
"X99..19","SRS_Marsh_Wet.C.uro2","99%",0.0591714616144308,1.30193058326749,NA,NA
"X95..19","SRS_Marsh_Wet.C.uro2","95%",0.0820921879780734,0.781387993920904,NA,NA
"X50..19","SRS_Marsh_Wet.C.uro2","50%",0.150920214003798,0.322607164806964,NA,NA
"X99..20","SRS_Marsh_Wet.E.suc1","99%",0.0153537673022994,0.679882554802142,NA,NA
"X95..20","SRS_Marsh_Wet.E.suc1","95%",0.0242971579984748,0.38388904738978,NA,NA
"X50..20","SRS_Marsh_Wet.E.suc1","50%",0.0517882060269873,0.128216008387769,NA,NA
"X99..21","SRS_Marsh_Wet.F.chr1","99%",0.329812989164374,1.43730108909374,NA,NA
"X95..21","SRS_Marsh_Wet.F.chr1","95%",0.387289820203898,1.16434264115359,NA,NA
"X50..21","SRS_Marsh_Wet.F.chr1","50%",0.537736156544963,0.782168936108555,NA,NA
"X99..22","SRS_Marsh_Wet.G.hol1","99%",0.0579995826660682,0.20900987180369,NA,NA
"X95..22","SRS_Marsh_Wet.G.hol1","95%",0.0669778942702354,0.175460935268011,NA,NA
"X50..22","SRS_Marsh_Wet.G.hol1","50%",0.0899547190708469,0.124901613839381,NA,NA
"X99..23","SRS_Marsh_Wet.G.hol2","99%",0.212262953852914,0.770202627148231,NA,NA
"X95..23","SRS_Marsh_Wet.G.hol2","95%",0.245036509926272,0.643689314620293,NA,NA
"X50..23","SRS_Marsh_Wet.G.hol2","50%",0.330751641213019,0.459504716467555,NA,NA
"X99..24","SRS_Marsh_Wet.H.for1","99%",0.0751522004457249,0.570685714040224,NA,NA
"X95..24","SRS_Marsh_Wet.H.for1","95%",0.0934749602906124,0.423527846865836,NA,NA
"X50..24","SRS_Marsh_Wet.H.for1","50%",0.143785501517335,0.239484340553683,NA,NA
"X99..25","SRS_Marsh_Wet.H.for2","99%",0.0210685533881954,0.289336373113651,NA,NA
"X95..25","SRS_Marsh_Wet.H.for2","95%",0.0272595818234331,0.193675767091791,NA,NA
"X50..25","SRS_Marsh_Wet.H.for2","50%",0.0461741814749804,0.0901624717746769,NA,NA
"X99..26","SRS_Marsh_Wet.H.let1","99%",0.118615071736108,0.353188326540595,NA,NA
"X95..26","SRS_Marsh_Wet.H.let1","95%",0.13326162335803,0.303152633832599,NA,NA
"X50..26","SRS_Marsh_Wet.H.let1","50%",0.171289996027973,0.226629544810927,NA,NA
"X99..27","SRS_Marsh_Wet.J.flo1","99%",0.0120510370380697,0.552763834858742,NA,NA
"X95..27","SRS_Marsh_Wet.J.flo1","95%",0.0192570502305725,0.297821216370062,NA,NA
"X50..27","SRS_Marsh_Wet.J.flo1","50%",0.0406129381922028,0.10042425321933,NA,NA
"X99..28","SRS_Marsh_Wet.L.goo1","99%",0.0459416358646977,0.175754497173144,NA,NA
"X95..28","SRS_Marsh_Wet.L.goo1","95%",0.0525873907378317,0.144614970837668,NA,NA
"X50..28","SRS_Marsh_Wet.L.goo1","50%",0.0706351336805706,0.10025738967764,NA,NA
"X99..29","SRS_Marsh_Wet.L.goo2","99%",0.102494503798104,0.397725715438399,NA,NA
"X95..29","SRS_Marsh_Wet.L.goo2","95%",0.117215200370792,0.327732092520116,NA,NA
"X50..29","SRS_Marsh_Wet.L.goo2","50%",0.161146788287747,0.227661685390755,NA,NA
"X99..30","SRS_Marsh_Wet.L.mac1","99%",0.403910650727179,1.48976196817449,NA,NA
"X95..30","SRS_Marsh_Wet.L.mac1","95%",0.460068170207035,1.2354287560106,NA,NA
"X50..30","SRS_Marsh_Wet.L.mac1","50%",0.620845333281469,0.871261435547701,NA,NA
"X99..31","SRS_Marsh_Wet.L.mic1","99%",3.41071831426734e-05,0.00135853662304292,NA,NA
"X95..31","SRS_Marsh_Wet.L.mic1","95%",3.41071831426734e-05,0.000674957740031697,NA,NA
"X50..31","SRS_Marsh_Wet.L.mic1","50%",0.000113449169520478,0.000247041745370208,NA,NA
"X99..32","SRS_Marsh_Wet.L.mic2","99%",2.13459617998086e-05,0.000860422640366715,NA,NA
"X95..32","SRS_Marsh_Wet.L.mic2","95%",2.13459617998086e-05,0.000473156481028143,NA,NA
"X50..32","SRS_Marsh_Wet.L.mic2","50%",8.58903216895706e-05,0.000150434681579333,NA,NA
"X99..33","SRS_Marsh_Wet.L.pun2","99%",0.106575887385844,4.68511022449226,NA,NA
"X95..33","SRS_Marsh_Wet.L.pun2","95%",0.157089631926135,2.47975342174273,NA,NA
"X50..33","SRS_Marsh_Wet.L.pun2","50%",0.333523114206222,0.822452054326041,NA,NA
"X99..34","SRS_Marsh_Wet.O.aur1","99%",0.0900104421389373,0.542452859932764,NA,NA
"X95..34","SRS_Marsh_Wet.O.aur1","95%",0.110339174391172,0.42002992099419,NA,NA
"X50..34","SRS_Marsh_Wet.O.aur1","50%",0.165619164073095,0.260298163433512,NA,NA
"X99..35","SRS_NP_Dry.F.chr1","99%",0.5006528897063,6.97635508030197,7.33764682200992,7.53580189644823
"X95..35","SRS_NP_Dry.F.chr1","95%",0.64443886428442,4.74522487296402,NA,NA
"X50..35","SRS_NP_Dry.F.chr1","50%",1.12716578124236,2.19500329728693,NA,NA
"X99..36","SRS_NP_Dry.G.hol1","99%",0.000406787219820779,0.00254735403854392,NA,NA
"X95..36","SRS_NP_Dry.G.hol1","95%",0.000464640377083567,0.00185311615139047,NA,NA
"X50..36","SRS_NP_Dry.G.hol1","50%",0.000696053006134718,0.00110102510697423,NA,NA
"X99..37","SRS_NP_Dry.G.hol2","99%",0.0317271928368963,0.167572311140798,NA,NA
"X95..37","SRS_NP_Dry.G.hol2","95%",0.0373101585837804,0.131828929631108,NA,NA
"X50..37","SRS_NP_Dry.G.hol2","50%",0.0538361468268131,0.0824364866825284,NA,NA
"X99..38","SRS_NP_Dry.H.for1","99%",9.42055841070875e-05,0.00212170414411092,0.00212170414411092,0.00222307907211111
"X95..38","SRS_NP_Dry.H.for1","95%",9.42055841070875e-05,0.00131070472010939,NA,NA
"X50..38","SRS_NP_Dry.H.for1","50%",0.00029695544010747,0.000601080224108045,NA,NA
"X99..39","SRS_NP_Dry.H.for2","99%",2.22187416066077e-05,0.000407389297706462,NA,NA
"X95..39","SRS_NP_Dry.H.for2","95%",2.22187416066077e-05,0.000278999112339844,NA,NA
"X50..39","SRS_NP_Dry.H.for2","50%",6.50154700621471e-05,0.000129210562745456,NA,NA
"X99..40","SRS_NP_Dry.L.goo1","99%",0.0001930453987491,0.00164133022159751,NA,NA
"X95..40","SRS_NP_Dry.L.goo1","95%",0.00024298625470939,0.0011918625179549,NA,NA
"X50..40","SRS_NP_Dry.L.goo1","50%",0.00034286796662997,0.00064251310239171,NA,NA
"X99..41","SRS_NP_Dry.L.goo2","99%",0.0610744604135197,0.532163366698881,NA,NA
"X95..41","SRS_NP_Dry.L.goo2","95%",0.0748246659238623,0.384521377725846,NA,NA
"X50..41","SRS_NP_Dry.L.goo2","50%",0.120357263826258,0.207952139114332,NA,NA
"X99..42","SRS_NP_Dry.P.lat2","99%",0.0255374041184971,0.362103466583041,NA,NA
"X95..42","SRS_NP_Dry.P.lat2","95%",0.0318921202715809,0.234452728127457,NA,NA
"X50..42","SRS_NP_Dry.P.lat2","50%",0.0551127137455616,0.108657904055394,NA,NA
"X99..43","SRS_NP_Wet.E.eve1","99%",0.323200531955581,1.1139916321686,NA,NA
"X95..43","SRS_NP_Wet.E.eve1","95%",0.370967643914612,0.945811846949602,NA,NA
"X50..43","SRS_NP_Wet.E.eve1","50%",0.49409762194138,0.678237146722886,NA,NA
"X99..44","SRS_NP_Wet.G.hol1","99%",0.0124964964488409,0.250758755815552,NA,NA
"X95..44","SRS_NP_Wet.G.hol1","95%",0.01627471448199,0.15478439692516,NA,NA
"X50..44","SRS_NP_Wet.G.hol1","50%",0.029674027707825,0.063546907237701,NA,NA
"X99..45","SRS_NP_Wet.G.hol2","99%",0.0391944737181166,1.7546322892974,NA,NA
"X95..45","SRS_NP_Wet.G.hol2","95%",0.0589849286250484,0.914579865774976,NA,NA
"X50..45","SRS_NP_Wet.G.hol2","50%",0.125254704371898,0.310121687014742,NA,NA
"X99..46","SRS_NP_Wet.H.for1","99%",0.0627878585918201,0.721611149536819,NA,NA
"X95..46","SRS_NP_Wet.H.for1","95%",0.0828381873775874,0.495143348914911,NA,NA
"X50..46","SRS_NP_Wet.H.for1","50%",0.137637777642202,0.24935054311228,NA,NA
"X99..47","SRS_NP_Wet.H.for2","99%",0.0343905535882265,0.4934381226435,0.524983353861192,0.536593387998247
"X95..47","SRS_NP_Wet.H.for2","95%",0.0449597861652212,0.331133680818038,NA,NA
"X50..47","SRS_NP_Wet.H.for2","50%",0.0781796656753925,0.15271942654546,NA,NA
"X99..48","SRS_Pond_Dry.A.nat1","99%",0.0445717179200791,2.17677490916563,NA,NA
"X95..48","SRS_Pond_Dry.A.nat1","95%",0.0694181830854794,1.11440049272136,NA,NA
"X50..48","SRS_Pond_Dry.A.nat1","50%",0.149936684410706,0.375620428004741,NA,NA
"X99..49","SRS_Pond_Dry.A.nat2","99%",0.0525836970806852,1.36926445874961,NA,NA
"X95..49","SRS_Pond_Dry.A.nat2","95%",0.0794521970238718,0.835069762919271,NA,NA
"X50..49","SRS_Pond_Dry.A.nat2","50%",0.159345199084837,0.339716543619675,NA,NA
"X99..50","SRS_Pond_Dry.A.nat3","99%",0.0690995946592156,0.80191008166041,NA,NA
"X95..50","SRS_Pond_Dry.A.nat3","95%",0.0916310460956699,0.557891747660116,NA,NA
"X50..50","SRS_Pond_Dry.A.nat3","50%",0.155214336202547,0.281738061183837,NA,NA
"X99..51","SRS_Pond_Dry.A.nat4","99%",0.0890598709201572,0.656236416126506,NA,NA
"X95..51","SRS_Pond_Dry.A.nat4","95%",0.108224644826905,0.481641550138179,NA,NA
"X50..51","SRS_Pond_Dry.A.nat4","50%",0.166003897311241,0.275627256952991,NA,NA
"X99..52","SRS_Pond_Dry.E.suc2","99%",0.0188841021369818,0.781331835367239,NA,NA
"X95..52","SRS_Pond_Dry.E.suc2","95%",0.0286416578115533,0.434987529199547,NA,NA
"X50..52","SRS_Pond_Dry.E.suc2","50%",0.059615471427633,0.147769581674728,NA,NA
"X99..53","SRS_Pond_Dry.F.chr1","99%",0.343564701735704,1.79315989869336,NA,NA
"X95..53","SRS_Pond_Dry.F.chr1","95%",0.406040221991982,1.40065935868855,NA,NA
"X50..53","SRS_Pond_Dry.F.chr1","50%",0.581310926230058,0.890290220083002,NA,NA
"X99..54","SRS_Pond_Dry.G.hol1","99%",0.335898406431061,1.31708191519297,NA,NA
"X95..54","SRS_Pond_Dry.G.hol1","95%",0.391464624859425,1.08997530970524,NA,NA
"X50..54","SRS_Pond_Dry.G.hol1","50%",0.534486196652174,0.75718882657271,NA,NA
"X99..55","SRS_Pond_Dry.G.hol2","99%",0.592966268747811,1.67107280051903,NA,NA
"X95..55","SRS_Pond_Dry.G.hol2","95%",0.667926195986619,1.45776634973708,NA,NA
"X50..55","SRS_Pond_Dry.G.hol2","50%",0.849530366905887,1.10887790920642,NA,NA
"X99..56","SRS_Pond_Dry.H.for1","99%",0.0423839232339976,0.611757590660222,NA,NA
"X95..56","SRS_Pond_Dry.H.for1","95%",0.0559212708600712,0.407328947442845,NA,NA
"X50..56","SRS_Pond_Dry.H.for1","50%",0.0977846412790722,0.190254067703082,NA,NA
"X99..57","SRS_Pond_Dry.H.for2","99%",0.0118088110800729,0.157550851225421,0.160242403176114,0.167217520097371
"X95..57","SRS_Pond_Dry.H.for2","95%",0.015125959758242,0.106713496200299,NA,NA
"X50..57","SRS_Pond_Dry.H.for2","50%",0.0258958671592506,0.0499621052581883,NA,NA
"X99..58","SRS_Pond_Dry.H.lit1","99%",0.0131576769026695,0.096217083990594,NA,NA
"X95..58","SRS_Pond_Dry.H.lit1","95%",0.0157135708816007,0.0712639776555083,NA,NA
"X50..58","SRS_Pond_Dry.H.lit1","50%",0.0240721076737992,0.040182178551981,NA,NA
"X99..59","SRS_Pond_Dry.J.flo2","99%",0.0759736599833784,4.42085636784213,NA,NA
"X95..59","SRS_Pond_Dry.J.flo2","95%",0.142366736281199,2.45476200904315,NA,NA
"X50..59","SRS_Pond_Dry.J.flo2","50%",0.341286263759602,0.838430125279085,NA,NA
"X99..60","SRS_Pond_Dry.L.goo1","99%",0.0591936278949545,0.187618606887271,NA,NA
"X95..60","SRS_Pond_Dry.L.goo1","95%",0.0667862974672728,0.160515446749555,NA,NA
"X50..60","SRS_Pond_Dry.L.goo1","50%",0.087446062866914,0.117652961824709,NA,NA
"X99..61","SRS_Pond_Dry.L.goo2","99%",0.109379396056522,0.335257954386668,NA,NA
"X95..61","SRS_Pond_Dry.L.goo2","95%",0.123310183444263,0.286377290786335,NA,NA
"X50..61","SRS_Pond_Dry.L.goo2","50%",0.159932695096865,0.213781669531214,NA,NA
"X99..62","SRS_Pond_Dry.L.gul2","99%",0.136771598129798,0.926309691708128,NA,NA
"X95..62","SRS_Pond_Dry.L.gul2","95%",0.16871341251238,0.696705360253053,NA,NA
"X50..62","SRS_Pond_Dry.L.gul2","50%",0.259421368854238,0.416704216488693,NA,NA
"X99..63","SRS_Pond_Dry.L.gul3","99%",0.241508985852481,1.61038215382083,NA,NA
"X95..63","SRS_Pond_Dry.L.gul3","95%",0.296934910938068,1.21968270398082,NA,NA
"X50..63","SRS_Pond_Dry.L.gul3","50%",0.447612559599381,0.726422733695036,NA,NA
"X99..64","SRS_Pond_Dry.L.gul4","99%",0.0798269799101991,1.80570431633296,NA,NA
"X95..64","SRS_Pond_Dry.L.gul4","95%",0.109961472765828,1.0788167463305,NA,NA
"X50..64","SRS_Pond_Dry.L.gul4","50%",0.205072897081606,0.440835365433904,NA,NA
"X99..65","SRS_Pond_Dry.L.mar1","99%",0.13541765438962,1.19851187823632,NA,NA
"X95..65","SRS_Pond_Dry.L.mar1","95%",0.170648677209187,0.86373885918218,NA,NA
"X50..65","SRS_Pond_Dry.L.mar1","50%",0.272879529276559,0.471611502445591,NA,NA
"X99..66","SRS_Pond_Dry.L.pla1","99%",0.272475124003194,1.50651798997646,NA,NA
"X95..66","SRS_Pond_Dry.L.pla1","95%",0.330245625385102,1.17877623008801,NA,NA
"X50..66","SRS_Pond_Dry.L.pla1","50%",0.487117635468999,0.743598472125585,NA,NA
"X99..67","SRS_Pond_Dry.L.pun2","99%",0.0727508493868536,1.5666789121639,NA,NA
"X95..67","SRS_Pond_Dry.L.pun2","95%",0.101508462317865,1.00349056905274,NA,NA
"X50..67","SRS_Pond_Dry.L.pun2","50%",0.19070938268563,0.407033254434165,NA,NA
"X99..68","SRS_Pond_Dry.P.lat2","99%",0.0894839701529607,1.01477421265522,NA,NA
"X95..68","SRS_Pond_Dry.P.lat2","95%",0.113633282185062,0.695680781637657,NA,NA
"X50..68","SRS_Pond_Dry.P.lat2","50%",0.193052475744092,0.351357427424495,NA,NA
"X99..69","SRS_Pond_Wet.A.cal2","99%",0.0244754823833587,1.15799261429105,NA,NA
"X95..69","SRS_Pond_Wet.A.cal2","95%",0.0384020008855271,0.637997674950124,NA,NA
"X50..69","SRS_Pond_Wet.A.cal2","50%",0.0863864593591751,0.212763675411835,NA,NA
"X99..70","SRS_Pond_Wet.C.uro1","99%",0.000680812903118759,0.00690268742910421,NA,NA
"X95..70","SRS_Pond_Wet.C.uro1","95%",0.000809397047317989,0.00474466153316896,NA,NA
"X50..70","SRS_Pond_Wet.C.uro1","50%",0.00135985960158645,0.00249440507322061,NA,NA
"X99..71","SRS_Pond_Wet.E.eve1","99%",0.149648763900371,1.32791974577978,NA,NA
"X95..71","SRS_Pond_Wet.E.eve1","95%",0.18574210156144,0.949424167583235,NA,NA
"X50..71","SRS_Pond_Wet.E.eve1","50%",0.294114739202839,0.512012312016143,NA,NA
"X99..72","SRS_Pond_Wet.E.glo1","99%",1.89077961064738e-05,0.000712742932993654,NA,NA
"X95..72","SRS_Pond_Wet.E.glo1","95%",1.89077961064738e-05,0.000365825364550064,NA,NA
"X50..72","SRS_Pond_Wet.E.glo1","50%",7.67273908470721e-05,0.000134546985587671,NA,NA
"X99..73","SRS_Pond_Wet.E.suc1","99%",0.0120751819921336,0.162008749479826,NA,NA
"X95..73","SRS_Pond_Wet.E.suc1","95%",0.0157263068619715,0.111918821663879,NA,NA
"X50..73","SRS_Pond_Wet.E.suc1","50%",0.0263490648067235,0.0516056815588488,NA,NA
"X99..74","SRS_Pond_Wet.F.chr1","99%",0.270030725390689,0.822267167474689,NA,NA
"X95..74","SRS_Pond_Wet.F.chr1","95%",0.304478211807869,0.705073878721152,NA,NA
"X50..74","SRS_Pond_Wet.F.chr1","50%",0.394203626361098,0.524329998818558,NA,NA
"X99..75","SRS_Pond_Wet.G.hol1","99%",0.180225110389406,0.644289821615103,NA,NA
"X95..75","SRS_Pond_Wet.G.hol1","95%",0.206732040804642,0.541139628351923,NA,NA
"X50..75","SRS_Pond_Wet.G.hol1","50%",0.277306999199449,0.384937114400295,NA,NA
"X99..76","SRS_Pond_Wet.G.hol2","99%",0.220567959604307,0.699757854221636,NA,NA
"X95..76","SRS_Pond_Wet.G.hol2","95%",0.248873199894537,0.598177838096579,NA,NA
"X50..76","SRS_Pond_Wet.G.hol2","50%",0.322070813783613,0.435921386478545,NA,NA
"X99..77","SRS_Pond_Wet.H.for1","99%",0.0382466660703545,0.240933052507804,NA,NA
"X95..77","SRS_Pond_Wet.H.for1","95%",0.0458706266582121,0.185271318809629,NA,NA
"X50..77","SRS_Pond_Wet.H.for1","50%",0.0674244039966644,0.109586439972954,NA,NA
"X99..78","SRS_Pond_Wet.H.for2","99%",0.0212033182428984,0.841607422068949,0.872685694388122,0.890497394505853
"X95..78","SRS_Pond_Wet.H.for2","95%",0.0318679231986795,0.466358320653376,NA,NA
"X50..78","SRS_Pond_Wet.H.for2","50%",0.062961497349459,0.156953657887657,NA,NA
"X99..79","SRS_Pond_Wet.H.let1","99%",0.0348613516492704,0.148225944115487,NA,NA
"X95..79","SRS_Pond_Wet.H.let1","95%",0.0402598490542139,0.12111321385625,NA,NA
"X50..79","SRS_Pond_Wet.H.let1","50%",0.0557810326936903,0.0810858258695069,NA,NA
"X99..80","SRS_Pond_Wet.L.goo1","99%",0.04822250380538,0.159737726896084,NA,NA
"X95..80","SRS_Pond_Wet.L.goo1","95%",0.0536669778876306,0.133302835444001,NA,NA
"X50..80","SRS_Pond_Wet.L.goo1","50%",0.0706730443587154,0.0964532077050437,NA,NA
"X99..81","SRS_Pond_Wet.L.goo2","99%",0.174545933377054,0.601461076129519,NA,NA
"X95..81","SRS_Pond_Wet.L.goo2","95%",0.197400525815667,0.504638287405462,NA,NA
"X50..81","SRS_Pond_Wet.L.goo2","50%",0.26348278994764,0.361782541990294,NA,NA
"X99..82","SRS_Pond_Wet.L.gul2","99%",0.372442629120289,8.08853660872723,NA,NA
"X95..82","SRS_Pond_Wet.L.gul2","95%",0.517466295819104,5.0329580174484,NA,NA
"X50..82","SRS_Pond_Wet.L.gul2","50%",0.966194743694626,2.04879784044074,NA,NA
"X99..83","SRS_Pond_Wet.L.gul3","99%",0.316858435942019,2.14397446244714,NA,NA
"X95..83","SRS_Pond_Wet.L.gul3","95%",0.392536672645663,1.61739762578947,NA,NA
"X50..83","SRS_Pond_Wet.L.gul3","50%",0.59894209421429,0.965989707516259,NA,NA
"X99..84","SRS_Pond_Wet.L.gul4","99%",0.0898586796688134,5.52933118142375,NA,NA
"X95..84","SRS_Pond_Wet.L.gul4","95%",0.167217516292988,2.86257112335983,NA,NA
"X50..84","SRS_Pond_Wet.L.gul4","50%",0.39211416241391,0.976647267571161,NA,NA
"X99..85","SRS_Pond_Wet.L.mac1","99%",0.159951560292236,1.78778573335339,NA,NA
"X95..85","SRS_Pond_Wet.L.mac1","95%",0.208852355067346,1.25314908842431,NA,NA
"X50..85","SRS_Pond_Wet.L.mac1","50%",0.34690888163191,0.637974703158454,NA,NA
"X99..86","SRS_Pond_Wet.L.mic2","99%",0.0364775633603076,0.760418461709726,0.813955299935559,0.831693599681048
"X95..86","SRS_Pond_Wet.L.mic2","95%",0.0493880482167226,0.478962210417272,NA,NA
"X50..86","SRS_Pond_Wet.L.mic2","50%",0.0918938523952493,0.195892461815395,NA,NA
"X99..87","SRS_Pond_Wet.L.pla1","99%",0.448901132446504,2.09076563391522,NA,NA
"X95..87","SRS_Pond_Wet.L.pla1","95%",0.532729117073795,1.67961423724144,NA,NA
"X50..87","SRS_Pond_Wet.L.pla1","50%",0.754025138517394,1.11491919642833,NA,NA
"X99..88","SRS_Pond_Wet.L.pla2","99%",0.0318992435506901,0.686514436261954,NA,NA
"X95..88","SRS_Pond_Wet.L.pla2","95%",0.0433841090953068,0.415300259677957,NA,NA
"X50..88","SRS_Pond_Wet.L.pla2","50%",0.0797145386303335,0.171004578749822,NA,NA
"X99..89","SRS_Pond_Wet.L.pun2","99%",0.134339945424208,1.56483594542788,NA,NA
"X95..89","SRS_Pond_Wet.L.pun2","95%",0.198109702219597,1.11427514713352,NA,NA
"X50..89","SRS_Pond_Wet.L.pun2","50%",0.355835291537893,0.611833191105651,NA,NA
"X99..90","SRS_Pond_Wet.M.sal1","99%",0.15471095683388,1.32460472889426,NA,NA
"X95..90","SRS_Pond_Wet.M.sal1","95%",0.190639872072685,0.967761783414929,NA,NA
"X50..90","SRS_Pond_Wet.M.sal1","50%",0.300036832370789,0.521364325807857,NA,NA
"X99..91","SRS_Pond_Wet.M.sia1","99%",0.172276549415055,1.86668207947898,NA,NA
"X95..91","SRS_Pond_Wet.M.sia1","95%",0.22095287193392,1.28657669017997,NA,NA
"X50..91","SRS_Pond_Wet.M.sia1","50%",0.360373328074519,0.657392140225613,NA,NA
"X99..92","SRS_Pond_Wet.O.aur1","99%",0.0560436110979537,1.24160568981828,NA,NA
"X95..92","SRS_Pond_Wet.O.aur1","95%",0.0771574162097751,0.763064594909869,NA,NA
"X50..92","SRS_Pond_Wet.O.aur1","50%",0.144670005518534,0.310860511811619,NA,NA
"X99..93","SRS_Pond_Wet.P.lat1","99%",0.0173693705810397,0.235172495538109,0.25258804563471,0.255303120740574
"X95..93","SRS_Pond_Wet.P.lat1","95%",0.0217049078103102,0.151155116755692,NA,NA
"X50..93","SRS_Pond_Wet.P.lat1","50%",0.0366617428698234,0.0708416166357824,NA,NA
"X99..94","SRS_Pond_Wet.P.lat2","99%",0.0323275512165437,0.236362759692896,NA,NA
"X95..94","SRS_Pond_Wet.P.lat2","95%",0.0390026622485339,0.17633077122756,NA,NA
"X50..94","SRS_Pond_Wet.P.lat2","50%",0.0596765025434987,0.0997195421599579,NA,NA
"X99..95","SRS_Pond_Wet.T.mar1","99%",0.0484811133013685,0.719305594550834,NA,NA
"X95..95","SRS_Pond_Wet.T.mar1","95%",0.0647216262821766,0.467243689018296,NA,NA
"X50..95","SRS_Pond_Wet.T.mar1","50%",0.11184905495289,0.218387043877231,NA,NA
"X99..96","TSL_Marsh_Dry.E.glo1","99%",0.114813608843698,0.778293896141499,NA,NA
"X95..96","TSL_Marsh_Dry.E.glo1","95%",0.141492626168266,0.583573550755847,NA,NA
"X50..96","TSL_Marsh_Dry.E.glo1","50%",0.215536188733898,0.348755345721152,NA,NA
"X99..97","TSL_Marsh_Dry.F.chr1","99%",0.14272495558283,2.17466272665176,NA,NA
"X95..97","TSL_Marsh_Dry.F.chr1","95%",0.187252244996338,1.39072044956212,NA,NA
"X50..97","TSL_Marsh_Dry.F.chr1","50%",0.330502477741491,0.6478760429482,NA,NA
"X99..98","TSL_Marsh_Dry.H.for1","99%",0.0110974872383739,0.0501439454627309,NA,NA
"X95..98","TSL_Marsh_Dry.H.for1","95%",0.0127829069006951,0.0403179903764958,NA,NA
"X50..98","TSL_Marsh_Dry.H.for1","50%",0.0179208391262141,0.0264259607591464,NA,NA
"X99..99","TSL_Marsh_Dry.H.for2","99%",0.0695587539354805,0.406916448981503,NA,NA
"X95..99","TSL_Marsh_Dry.H.for2","95%",0.0833113473519198,0.310796360984841,NA,NA
"X50..99","TSL_Marsh_Dry.H.for2","50%",0.121249021371425,0.190647182800653,NA,NA
"X99..100","TSL_Marsh_Dry.L.goo1","99%",0.00216979544063261,0.00629353079508644,NA,NA
"X95..100","TSL_Marsh_Dry.L.goo1","95%",0.00242226903376244,0.00536779428694375,NA,NA
"X50..100","TSL_Marsh_Dry.L.goo1","50%",0.0030113740843987,0.00410542632129461,NA,NA
"X99..101","TSL_Marsh_Dry.L.goo2","99%",0.0244661060724473,0.0677615437551832,NA,NA
"X95..101","TSL_Marsh_Dry.L.goo2","95%",0.0272343332706015,0.0589768111448813,NA,NA
"X50..101","TSL_Marsh_Dry.L.goo2","50%",0.0344876225532464,0.0450011649674417,NA,NA
"X99..102","TSL_Marsh_Wet.F.chr1","99%",0.29956595101179,1.82722618999644,NA,NA
"X95..102","TSL_Marsh_Wet.F.chr1","95%",0.367856473393104,1.39546146848688,NA,NA
"X50..102","TSL_Marsh_Wet.F.chr1","50%",0.540222259432634,0.847158215702503,NA,NA
"X99..103","TSL_Marsh_Wet.G.hol1","99%",0.119204380057285,0.440052824088944,NA,NA
"X95..103","TSL_Marsh_Wet.G.hol1","95%",0.135352738085938,0.362647385465782,NA,NA
"X50..103","TSL_Marsh_Wet.G.hol1","50%",0.181311376716565,0.254321408829593,NA,NA
"X99..104","TSL_Marsh_Wet.G.hol2","99%",0.261531249592542,1.1003509433644,NA,NA
"X95..104","TSL_Marsh_Wet.G.hol2","95%",0.309262434276412,0.898075092407694,NA,NA
"X50..104","TSL_Marsh_Wet.G.hol2","50%",0.427177925165638,0.613905326935031,NA,NA
"X99..105","TSL_Marsh_Wet.H.for1","99%",0.0944551567238839,0.509983024094388,NA,NA
"X95..105","TSL_Marsh_Wet.H.for1","95%",0.112812550313239,0.400124106865056,NA,NA
"X50..105","TSL_Marsh_Wet.H.for1","50%",0.163846875371405,0.251718429774852,NA,NA
"X99..106","TSL_Marsh_Wet.H.for2","99%",0.0445389927138196,0.651028065989358,NA,NA
"X95..106","TSL_Marsh_Wet.H.for2","95%",0.0586411404757805,0.429701140710521,NA,NA
"X50..106","TSL_Marsh_Wet.H.for2","50%",0.102712994935136,0.200279054872559,NA,NA
"X99..107","TSL_Marsh_Wet.L.goo1","99%",0.064508614918413,0.233818280951939,NA,NA
"X95..107","TSL_Marsh_Wet.L.goo1","95%",0.0746750280064201,0.194694966397151,NA,NA
"X50..107","TSL_Marsh_Wet.L.goo1","50%",0.0997405682631717,0.13847248989665,NA,NA
"X99..108","TSL_Marsh_Wet.L.goo2","99%",0.0764842950774516,0.287530586978453,NA,NA
"X95..108","TSL_Marsh_Wet.L.goo2","95%",0.0878952274409005,0.237731963885496,NA,NA
"X50..108","TSL_Marsh_Wet.L.goo2","50%",0.118318170796551,0.16574359898359,NA,NA
"X99..109","TSL_NP_Wet.C.bim1","99%",0.0605268528565516,3.39243706039287,NA,NA
"X95..109","TSL_NP_Wet.C.bim1","95%",0.112521423159408,1.85240233213372,NA,NA
"X50..109","TSL_NP_Wet.C.bim1","50%",0.253493046055118,0.617545136554313,NA,NA
"X99..110","TSL_NP_Wet.E.eve1","99%",0.00032971627488506,0.0125370844261961,NA,NA
"X95..110","TSL_NP_Wet.E.eve1","95%",0.00045178658738506,0.00680359625726968,NA,NA
"X50..110","TSL_NP_Wet.E.eve1","50%",0.000952561430604769,0.00226438393210804,NA,NA
"X99..111","TSL_NP_Wet.G.hol1","99%",0.142476269346933,1.32243575108293,NA,NA
"X95..111","TSL_NP_Wet.G.hol1","95%",0.178120721562846,0.918823773527278,NA,NA
"X50..111","TSL_NP_Wet.G.hol1","50%",0.286062870432059,0.496111812007225,NA,NA
"X99..112","TSL_NP_Wet.H.for1","99%",0.0654573498659845,0.34114164555761,NA,NA
"X95..112","TSL_NP_Wet.H.for1","95%",0.0759531852002947,0.267091713604639,NA,NA
"X50..112","TSL_NP_Wet.H.for1","50%",0.109764150296595,0.168345010901127,NA,NA
"X99..113","TSL_NP_Wet.H.for2","99%",0.0220673157701987,0.479022960822781,NA,NA
"X95..113","TSL_NP_Wet.H.for2","95%",0.0297824669427463,0.286107698237026,NA,NA
"X50..113","TSL_NP_Wet.H.for2","50%",0.0548114072567593,0.116882881385173,NA,NA
"X99..114","TSL_NP_Wet.L.goo1","99%",0.0263706438069804,0.168893010912856,NA,NA
"X95..114","TSL_NP_Wet.L.goo1","95%",0.0313318780826669,0.127519295069385,NA,NA
"X50..114","TSL_NP_Wet.L.goo1","50%",0.0468916537339054,0.0753175590773533,NA,NA
"X99..115","TSL_NP_Wet.L.goo2","99%",0.0175855414483724,0.238588634935287,NA,NA
"X95..115","TSL_NP_Wet.L.goo2","95%",0.0224385146121581,0.159489544535143,NA,NA
"X50..115","TSL_NP_Wet.L.goo2","50%",0.0375697244724575,0.0735926088414077,NA,NA
"X99..116","TSL_Pond_Dry.G.hol1","99%",0.27758404661964,0.79225650029676,NA,NA
"X95..116","TSL_Pond_Dry.G.hol1","95%",0.310840381772993,0.68642836281404,NA,NA
"X50..116","TSL_Pond_Dry.G.hol1","50%",0.394134928643263,0.518214517481113,NA,NA
"X99..117","TSL_Pond_Dry.G.hol2","99%",0.489309168262168,1.5681192396202,NA,NA
"X95..117","TSL_Pond_Dry.G.hol2","95%",0.574055106946843,1.34463622249456,NA,NA
"X50..117","TSL_Pond_Dry.G.hol2","50%",0.759829420283546,1.01347417673264,NA,NA
"X99..118","TSL_Pond_Dry.H.for2","99%",0.00298393295054045,0.108845584711859,NA,NA
"X95..118","TSL_Pond_Dry.H.for2","95%",0.0041604550613047,0.059437371590027,NA,NA
"X50..118","TSL_Pond_Dry.H.for2","50%",0.00815902103061692,0.0202818565519967,NA,NA
"X99..119","TSL_Pond_Dry.L.goo1","99%",0.00258003178082416,0.0615529480936461,NA,NA
"X95..119","TSL_Pond_Dry.L.goo1","95%",0.0037787821466627,0.0370132391671344,NA,NA
"X50..119","TSL_Pond_Dry.L.goo1","50%",0.00713632544163118,0.0152316098950781,NA,NA
"X99..120","TSL_Pond_Dry.L.goo2","99%",0.0627281623839231,0.409436457457687,NA,NA
"X95..120","TSL_Pond_Dry.L.goo2","95%",0.0762626944548394,0.31469506450147,NA,NA
"X50..120","TSL_Pond_Dry.L.goo2","50%",0.116450008864358,0.187424428641833,NA,NA
"X99..121","TSL_Pond_Dry.M.ber1","99%",0.0541705624033784,2.87577883110238,NA,NA
"X95..121","TSL_Pond_Dry.M.ber1","95%",0.0947390749348436,1.54224055062563,NA,NA
"X50..121","TSL_Pond_Dry.M.ber1","50%",0.212206279149969,0.525048702465493,NA,NA
"X99..122","TSL_Pond_Dry.N.pet1","99%",0.315987852504284,1.29566423119357,NA,NA
"X95..122","TSL_Pond_Dry.N.pet1","95%",0.370942828801849,1.06198135959583,NA,NA
"X50..122","TSL_Pond_Dry.N.pet1","50%",0.507197283099061,0.729795337495209,NA,NA
"X99..123","TSL_Pond_Wet.G.hol1","99%",0.0971348463945284,0.456747613464098,NA,NA
"X95..123","TSL_Pond_Wet.G.hol1","95%",0.115502940163962,0.369927291397575,NA,NA
"X50..123","TSL_Pond_Wet.G.hol1","50%",0.164378194472141,0.242783695790231,NA,NA
"X99..124","TSL_Pond_Wet.G.hol2","99%",0.356512222689694,1.2297065363633,NA,NA
"X95..124","TSL_Pond_Wet.G.hol2","95%",0.409261271359496,1.03799894371103,NA,NA
"X50..124","TSL_Pond_Wet.G.hol2","50%",0.543810761701238,0.748001634852195,NA,NA
"X99..125","TSL_Pond_Wet.H.for2","99%",0.00450998724950142,0.165199843901762,NA,NA
"X95..125","TSL_Pond_Wet.H.for2","95%",0.00625822977439244,0.0940482152271688,NA,NA
"X50..125","TSL_Pond_Wet.H.for2","50%",0.0125524083437122,0.0311039028877727,NA,NA
"X99..126","TSL_Pond_Wet.L.goo1","99%",0.0760970095932575,0.257723470590005,NA,NA
"X95..126","TSL_Pond_Wet.L.goo1","95%",0.0872406936947539,0.217711608340194,NA,NA
"X50..126","TSL_Pond_Wet.L.goo1","50%",0.116506971482374,0.158926826762309,NA,NA
"X99..127","TSL_Pond_Wet.L.goo2","99%",0.156323849172992,0.530454889849098,NA,NA
"X95..127","TSL_Pond_Wet.L.goo2","95%",0.17997062709431,0.44992460635274,NA,NA
"X50..127","TSL_Pond_Wet.L.goo2","50%",0.237714225372368,0.325585673937868,NA,NA
"X99..128","TSL_Pond_Wet.L.mac1","99%",0.218815271225623,3.23756212291638,NA,NA
"X95..128","TSL_Pond_Wet.L.mac1","95%",0.292032032608234,2.11706764251029,NA,NA
"X50..128","TSL_Pond_Wet.L.mac1","50%",0.508621836883407,0.983861379102798,NA,NA
"X99..129","TSL_Pond_Wet.L.sic1","99%",0.119758737786105,0.367782601843608,NA,NA
"X95..129","TSL_Pond_Wet.L.sic1","95%",0.135430079109835,0.315413374849374,NA,NA
"X50..129","TSL_Pond_Wet.L.sic1","50%",0.175579442375596,0.234302156813887,NA,NA
"X99..130","TSL_Pond_Wet.M.sal1","99%",0.568705752843425,2.08333891358885,NA,NA
"X95..130","TSL_Pond_Wet.M.sal1","95%",0.65721222112821,1.74424764493314,NA,NA
"X50..130","TSL_Pond_Wet.M.sal1","50%",0.884555771566184,1.22908788941173,NA,NA
"X99..131","TSL_Pond_Wet.M.sia1","99%",0.16700889238021,0.888965808833258,NA,NA
"X95..131","TSL_Pond_Wet.M.sia1","95%",0.196809815159458,0.69923638160794,NA,NA
"X50..131","TSL_Pond_Wet.M.sia1","50%",0.286467660525785,0.439840118910483,NA,NA
"X99..132","TSL_Pond_Wet.N.pet1","99%",0.0313240224813205,0.179350564305049,NA,NA
"X95..132","TSL_Pond_Wet.N.pet1","95%",0.037136797254593,0.138397390915395,NA,NA
"X50..132","TSL_Pond_Wet.N.pet1","50%",0.0544904561673778,0.0850935620625551,NA,NA
"X99..133","TSL_Pond_Wet.T.mar1","99%",0.108577298718882,0.675849691481078,NA,NA
"X95..133","TSL_Pond_Wet.T.mar1","95%",0.133791938137432,0.516152681446586,NA,NA
"X50..133","TSL_Pond_Wet.T.mar1","50%",0.201778878430705,0.317055830093175,NA,NA
